t,T_true,T_meas,T_out,setpoint,heater,error,T_pred,lower,upper
0.0,19.0,19.30546103778492,8.0,21.0,1,1.6945389622150806,19.30546103778492,20.5,21.5
1.0,19.000333333333334,19.066735425937622,8.001163552572116,21.0,1,1.9332645740623775,19.066735425937622,20.5,21.5
2.0,19.000666943406415,19.100352998665624,8.00232710356895,21.0,1,1.899647001334376,19.100352998665624,20.5,21.5
3.0,19.00100083012647,19.070782160484377,8.003490651415223,21.0,1,1.9292178395156228,19.070782160484377,20.5,21.5
4.0,19.00133499340023,19.053322682564648,8.00465419453566,21.0,1,1.946677317435352,19.053322682564648,20.5,21.5
5.0,19.001669433133944,19.029162101121806,8.005817731354993,21.0,1,1.9708378988781945,19.029162101121806,20.5,21.5
6.0,19.00200414923335,19.11935884161992,8.006981260297962,21.0,1,1.8806411583800795,19.11935884161992,20.5,21.5
7.0,19.002339141603706,19.144263274943665,8.008144779789315,21.0,1,1.8557367250563352,19.144263274943665,20.5,21.5
8.0,19.00267441014977,19.162968181932253,8.009308288253816,21.0,1,1.8370318180677465,19.162968181932253,20.5,21.5
9.0,19.003009954775802,19.189801481299465,8.010471784116246,21.0,1,1.8101985187005347,19.189801481299465,20.5,21.5
10.0,19.003345775385583,19.130464828409544,8.011635265801397,21.0,1,1.8695351715904565,19.130464828409544,20.5,21.5
11.0,19.00368187188239,19.10339579308194,8.012798731734085,21.0,1,1.8966042069180595,19.10339579308194,20.5,21.5
12.0,19.004018244169007,19.086462542752592,8.013962180339146,21.0,1,1.9135374572474078,19.086462542752592,20.5,21.5
13.0,19.00435489214773,19.121157827238825,8.015125610041437,21.0,1,1.8788421727611748,19.121157827238825,20.5,21.5
14.0,19.004691815720363,19.162822476602297,8.016289019265846,21.0,1,1.8371775233977026,19.162822476602297,20.5,21.5
15.0,19.005029014788214,19.232425679364155,8.017452406437284,21.0,1,1.7675743206358447,19.232425679364155,20.5,21.5
16.0,19.005366489252097,19.21003565111291,8.018615769980693,21.0,1,1.7899643488870893,19.21003565111291,20.5,21.5
17.0,19.00570423901234,19.14155805864947,8.019779108321048,21.0,1,1.8584419413505309,19.14155805864947,20.5,21.5
18.0,19.006042263968776,19.118655375541284,8.020942419883356,21.0,1,1.8813446244587162,19.118655375541284,20.5,21.5
19.0,19.00638056402075,19.12716939665969,8.022105703092665,21.0,1,1.8728306033403115,19.12716939665969,20.5,21.5
20.0,19.006719139067105,19.153995072300763,8.023268956374057,21.0,1,1.8460049276992372,19.153995072300763,20.5,21.5
21.0,19.007057989006206,19.31024531641949,8.024432178152653,21.0,1,1.6897546835805102,19.31024531641949,20.5,21.5
22.0,19.007397113735923,19.376876469332064,8.025595366853622,21.0,1,1.623123530667936,19.376876469332064,20.5,21.5
23.0,19.007736513153628,19.31555053595194,8.026758520902176,21.0,1,1.6844494640480612,19.31555053595194,20.5,21.5
24.0,19.00807618715621,19.244309825116538,8.02792163872357,21.0,1,1.755690174883462,19.244309825116538,20.5,21.5
25.0,19.008416135640065,19.285042813936997,8.029084718743112,21.0,1,1.7149571860630033,19.285042813936997,20.5,21.5
26.0,19.0087563585011,19.047104101283367,8.03024775938616,21.0,1,1.9528958987166334,19.047104101283367,20.5,21.5
27.0,19.009096855634727,19.078000898156397,8.031410759078128,21.0,1,1.9219991018436033,19.078000898156397,20.5,21.5
28.0,19.009437626935874,19.190446102399083,8.032573716244482,21.0,1,1.8095538976009173,19.190446102399083,20.5,21.5
29.0,19.009778672298978,19.194920991472458,8.033736629310743,21.0,1,1.8050790085275423,19.194920991472458,20.5,21.5
30.0,19.010119991617984,19.118719701190543,8.0348994967025,21.0,1,1.8812802988094575,19.118719701190543,20.5,21.5
31.0,19.010461584786345,19.189089660417338,8.036062316845399,21.0,1,1.8109103395826622,19.189089660417338,20.5,21.5
32.0,19.010803451697033,19.180434387667592,8.037225088165146,21.0,1,1.8195656123324078,19.180434387667592,20.5,21.5
33.0,19.01114559224252,19.125547911958932,8.03838780908752,21.0,1,1.8744520880410676,19.125547911958932,20.5,21.5
34.0,19.011488006314803,19.155063449368658,8.039550478038365,21.0,1,1.844936550631342,19.155063449368658,20.5,21.5
35.0,19.011830693805376,19.129242205456645,8.040713093443596,21.0,1,1.870757794543355,19.129242205456645,20.5,21.5
36.0,19.012173654605256,19.21504674961285,8.0418756537292,21.0,1,1.7849532503871508,19.21504674961285,20.5,21.5
37.0,19.012516888604964,19.228509248065183,8.043038157321238,21.0,1,1.7714907519348166,19.228509248065183,20.5,21.5
38.0,19.012860395694535,19.280711410199988,8.04420060264585,21.0,1,1.719288589800012,19.280711410199988,20.5,21.5
39.0,19.01320417576352,19.332446498395598,8.045362988129254,21.0,1,1.6675535016044023,19.332446498395598,20.5,21.5
40.0,19.013548228700973,19.300101838051212,8.046525312197746,21.0,1,1.6998981619487878,19.300101838051212,20.5,21.5
41.0,19.013892554395472,19.23330598369215,8.047687573277711,21.0,1,1.7666940163078486,19.23330598369215,20.5,21.5
42.0,19.0142371527351,19.189032413211045,8.048849769795613,21.0,1,1.810967586788955,19.189032413211045,20.5,21.5
43.0,19.014582023607453,19.14097548480643,8.050011900178008,21.0,1,1.8590245151935711,19.14097548480643,20.5,21.5
44.0,19.014927166899643,19.142305782622863,8.05117396285154,21.0,1,1.8576942173771371,19.142305782622863,20.5,21.5
45.0,19.015272582498294,19.20751346643554,8.052335956242944,21.0,1,1.7924865335644604,19.20751346643554,20.5,21.5
46.0,19.015618270289544,19.269169985436623,8.05349787877905,21.0,1,1.7308300145633773,19.269169985436623,20.5,21.5
47.0,19.01596423015904,19.248940567465436,8.054659728886781,21.0,1,1.7510594325345643,19.248940567465436,20.5,21.5
48.0,19.01631046199195,19.22723232335079,8.055821504993164,21.0,1,1.7727676766492095,19.22723232335079,20.5,21.5
49.0,19.01665696567295,19.166480072284116,8.05698320552532,21.0,1,1.8335199277158836,19.166480072284116,20.5,21.5
50.0,19.017003741086235,19.183293679519277,8.058144828910477,21.0,1,1.8167063204807228,19.183293679519277,20.5,21.5
51.0,19.01735078811551,19.22176819378293,8.059306373575962,21.0,1,1.7782318062170717,19.22176819378293,20.5,21.5
52.0,19.017698106643998,19.286861624551165,8.060467837949215,21.0,1,1.7131383754488354,19.286861624551165,20.5,21.5
53.0,19.018045696554434,19.27190104477625,8.06162922045778,21.0,1,1.72809895522375,19.27190104477625,20.5,21.5
54.0,19.01839355772907,19.364313424410234,8.062790519529313,21.0,1,1.6356865755897658,19.364313424410234,20.5,21.5
55.0,19.01874169004967,19.32043315543322,8.063951733591585,21.0,1,1.6795668445667786,19.32043315543322,20.5,21.5
56.0,19.019090093397516,19.151326937490126,8.06511286107248,21.0,1,1.8486730625098744,19.151326937490126,20.5,21.5
57.0,19.01943876765341,19.140725755533893,8.0662739004,21.0,1,1.859274244466107,19.140725755533893,20.5,21.5
58.0,19.019787712697656,19.16997754684641,8.067434850002265,21.0,1,1.830022453153589,19.16997754684641,20.5,21.5
59.0,19.020136928410093,19.05483527027617,8.068595708307518,21.0,1,1.9451647297238317,19.05483527027617,20.5,21.5
60.0,19.02048641467006,19.122612170210736,8.069756473744125,21.0,1,1.8773878297892637,19.122612170210736,20.5,21.5
61.0,19.020836171356418,19.310309002879258,8.070917144740578,21.0,1,1.689690997120742,19.310309002879258,20.5,21.5
62.0,19.021186198347547,19.29932257325993,8.072077719725497,21.0,1,1.7006774267400715,19.29932257325993,20.5,21.5
63.0,19.02153649552134,19.322671142883422,8.073238197127631,21.0,1,1.6773288571165779,19.322671142883422,20.5,21.5
64.0,19.02188706275521,19.454632896457486,8.074398575375863,21.0,1,1.5453671035425138,19.454632896457486,20.5,21.5
65.0,19.022237899926083,19.432913173331958,8.075558852899208,21.0,1,1.5670868266680422,19.432913173331958,20.5,21.5
66.0,19.022589006910408,19.311492171394654,8.076719028126819,21.0,1,1.6885078286053457,19.311492171394654,20.5,21.5
67.0,19.022940383584146,19.29559825071859,8.077879099487985,21.0,1,1.7044017492814092,19.29559825071859,20.5,21.5
68.0,19.02329202982278,19.268468734904555,8.079039065412141,21.0,1,1.7315312650954446,19.268468734904555,20.5,21.5
69.0,19.02364394550131,19.21933561178385,8.080198924328858,21.0,1,1.7806643882161488,19.21933561178385,20.5,21.5
70.0,19.02399613049425,19.219745906779295,8.081358674667857,21.0,1,1.7802540932207052,19.219745906779295,20.5,21.5
71.0,19.024348584675643,19.263492655578276,8.082518314859005,21.0,1,1.7365073444217245,19.263492655578276,20.5,21.5
72.0,19.024701307919038,19.34423929796062,8.083677843332316,21.0,1,1.6557607020393803,19.34423929796062,20.5,21.5
73.0,19.02505430009751,19.37457082096795,8.084837258517956,21.0,1,1.62542917903205,19.37457082096795,20.5,21.5
74.0,19.02540756108365,19.416304540273774,8.085996558846244,21.0,1,1.5836954597262256,19.416304540273774,20.5,21.5
75.0,19.025761090749572,19.367686252643537,8.087155742747658,21.0,1,1.6323137473564628,19.367686252643537,20.5,21.5
76.0,19.026114888966905,19.34475394113371,8.08831480865283,21.0,1,1.6552460588662896,19.34475394113371,20.5,21.5
77.0,19.026468955606802,19.385922833431373,8.089473754992552,21.0,1,1.6140771665686273,19.385922833431373,20.5,21.5
78.0,19.02682329053993,19.478717343488505,8.09063258019778,21.0,1,1.5212826565114952,19.478717343488505,20.5,21.5
79.0,19.027177893636484,19.335188670144326,8.091791282699631,21.0,1,1.6648113298556737,19.335188670144326,20.5,21.5
80.0,19.02753276476617,19.4204844449702,8.092949860929393,21.0,1,1.5795155550298006,19.4204844449702,20.5,21.5
81.0,19.027887903798227,19.420538324322294,8.094108313318515,21.0,1,1.579461675677706,19.420538324322294,20.5,21.5
82.0,19.0282433106014,19.357553791675308,8.095266638298622,21.0,1,1.6424462083246922,19.357553791675308,20.5,21.5
83.0,19.028598985043967,19.292233567539025,8.09642483430151,21.0,1,1.707766432460975,19.292233567539025,20.5,21.5
84.0,19.02895492699372,19.310228834689728,8.09758289975915,21.0,1,1.6897711653102725,19.310228834689728,20.5,21.5
85.0,19.029311136317975,19.32424070868776,8.098740833103689,21.0,1,1.6757592913122394,19.32424070868776,20.5,21.5
86.0,19.02966761288357,19.31145630397004,8.09989863276745,21.0,1,1.68854369602996,19.31145630397004,20.5,21.5
87.0,19.030024356556865,19.162177349023843,8.101056297182947,21.0,1,1.8378226509761575,19.162177349023843,20.5,21.5
88.0,19.03038136720374,19.036387404419003,8.102213824782863,21.0,1,1.9636125955809973,19.036387404419003,20.5,21.5
89.0,19.030738644689603,19.1152066857274,8.103371214000079,21.0,1,1.8847933142725992,19.1152066857274,20.5,21.5
90.0,19.031096188879374,19.013943547286367,8.104528463267654,21.0,1,1.9860564527136333,19.013943547286367,20.5,21.5
91.0,19.031453999637503,19.0518742489658,8.10568557101884,21.0,1,1.9481257510342012,19.0518742489658,20.5,21.5
92.0,19.03181207682796,19.059453790517644,8.106842535687084,21.0,1,1.9405462094823562,19.059453790517644,20.5,21.5
93.0,19.032170420314248,19.20386569513601,8.107999355706022,21.0,1,1.7961343048639904,19.20386569513601,20.5,21.5
94.0,19.032529029959377,19.184696581426852,8.109156029509489,21.0,1,1.8153034185731478,19.184696581426852,20.5,21.5
95.0,19.032887905625895,19.154574972198184,8.110312555531511,21.0,1,1.8454250278018165,19.154574972198184,20.5,21.5
96.0,19.033247047175863,19.149231225560577,8.111468932206325,21.0,1,1.8507687744394232,19.149231225560577,20.5,21.5
97.0,19.033606454470874,19.22557445632031,8.112625157968363,21.0,1,1.7744255436796905,19.22557445632031,20.5,21.5
98.0,19.03396612737204,19.168492324067095,8.113781231252261,21.0,1,1.8315076759329045,19.168492324067095,20.5,21.5
99.0,19.03432606574,19.18558167214265,8.114937150492867,21.0,1,1.81441832785735,19.18558167214265,20.5,21.5
100.0,19.034686269434918,19.17206163289209,8.11609291412523,21.0,1,1.8279383671079117,19.17206163289209,20.5,21.5
101.0,19.03504673831648,19.1750763794163,8.117248520584615,21.0,1,1.8249236205837,19.1750763794163,20.5,21.5
102.0,19.035407472243904,19.10388327277158,8.1184039683065,21.0,1,1.8961167272284207,19.10388327277158,20.5,21.5
103.0,19.035768471075926,19.140353205727827,8.119559255726575,21.0,1,1.859646794272173,19.140353205727827,20.5,21.5
104.0,19.03612973467081,19.094645063672978,8.120714381280749,21.0,1,1.9053549363270221,19.094645063672978,20.5,21.5
105.0,19.036491262886344,19.172831941703656,8.121869343405148,21.0,1,1.827168058296344,19.172831941703656,20.5,21.5
106.0,19.03685305557985,19.210839136979473,8.12302414053612,21.0,1,1.789160863020527,19.210839136979473,20.5,21.5
107.0,19.03721511260817,19.28197352602991,8.124178771110241,21.0,1,1.7180264739700917,19.28197352602991,20.5,21.5
108.0,19.03757743382767,19.272303929800483,8.125333233564303,21.0,1,1.7276960701995172,19.272303929800483,20.5,21.5
109.0,19.03794001909425,19.245811019410397,8.126487526335337,21.0,1,1.7541889805896034,19.245811019410397,20.5,21.5
110.0,19.03830286826333,19.292926661728366,8.127641647860594,21.0,1,1.707073338271634,19.292926661728366,20.5,21.5
111.0,19.03866598118986,19.204221119340623,8.128795596577563,21.0,1,1.7957788806593769,19.204221119340623,20.5,21.5
112.0,19.039029357728324,19.179586930430492,8.129949370923963,21.0,1,1.8204130695695078,19.179586930430492,20.5,21.5
113.0,19.039392997732723,19.137484181312793,8.131102969337752,21.0,1,1.862515818687207,19.137484181312793,20.5,21.5
114.0,19.03975690105659,19.09546366142346,8.132256390257123,21.0,1,1.9045363385765413,19.09546366142346,20.5,21.5
115.0,19.04012106755299,18.98374482736193,8.133409632120513,21.0,1,2.0162551726380684,18.98374482736193,20.5,21.5
116.0,19.040485497074513,18.948748082892415,8.134562693366599,21.0,1,2.051251917107585,18.948748082892415,20.5,21.5
117.0,19.04085018947328,19.066728480552065,8.135715572434304,21.0,1,1.9332715194479348,19.066728480552065,20.5,21.5
118.0,19.041215144600933,19.033596261755115,8.136868267762797,21.0,1,1.9664037382448853,19.033596261755115,20.5,21.5
119.0,19.041580362308654,19.070632413566653,8.138020777791494,21.0,1,1.9293675864333473,19.070632413566653,20.5,21.5
120.0,19.04194584244715,19.11310745481044,8.139173100960065,21.0,1,1.8868925451895606,19.11310745481044,20.5,21.5
121.0,19.042311584866653,19.266897898433307,8.140325235708431,21.0,1,1.7331021015666934,19.266897898433307,20.5,21.5
122.0,19.042677589416932,19.18584731123798,8.14147718047677,21.0,1,1.8141526887620216,19.18584731123798,20.5,21.5
123.0,19.043043855947285,19.284478692723976,8.142628933705511,21.0,1,1.715521307276024,19.284478692723976,20.5,21.5
124.0,19.043410384306537,19.375772759735575,8.143780493835353,21.0,1,1.6242272402644247,19.375772759735575,20.5,21.5
125.0,19.043777174343045,19.3384346359191,8.144931859307247,21.0,1,1.6615653640809,19.3384346359191,20.5,21.5
126.0,19.0441442259047,19.204826521881333,8.146083028562412,21.0,1,1.7951734781186666,19.204826521881333,20.5,21.5
127.0,19.04451153883892,19.243101170350755,8.147234000042332,21.0,1,1.756898829649245,19.243101170350755,20.5,21.5
128.0,19.044879112992653,19.074774219397465,8.148384772188757,21.0,1,1.9252257806025348,19.074774219397465,20.5,21.5
129.0,19.045246948212384,19.089988900510118,8.14953534344371,21.0,1,1.910011099489882,19.089988900510118,20.5,21.5
130.0,19.045615044344128,19.133288935864307,8.150685712249484,21.0,1,1.8667110641356928,19.133288935864307,20.5,21.5
131.0,19.04598340123343,19.188047433769064,8.151835877048645,21.0,1,1.8119525662309357,19.188047433769064,20.5,21.5
132.0,19.04635201872537,19.23548028540996,8.152985836284039,21.0,1,1.7645197145900404,19.23548028540996,20.5,21.5
133.0,19.046720896664556,19.31414759511832,8.154135588398784,21.0,1,1.685852404881679,19.31414759511832,20.5,21.5
134.0,19.047090034895135,19.258692106023425,8.155285131836287,21.0,1,1.7413078939765754,19.258692106023425,20.5,21.5
135.0,19.04745943326078,19.324297342837063,8.156434465040231,21.0,1,1.6757026571629368,19.324297342837063,20.5,21.5
136.0,19.047829091604708,19.35808873881399,8.157583586454585,21.0,1,1.64191126118601,19.35808873881399,20.5,21.5
137.0,19.048199009769657,19.156574230698105,8.158732494523605,21.0,1,1.843425769301895,19.156574230698105,20.5,21.5
138.0,19.04856918759791,19.01048542590994,8.159881187691834,21.0,1,1.9895145740900588,19.01048542590994,20.5,21.5
139.0,19.048939624931275,19.038872340522236,8.161029664404113,21.0,1,1.9611276594777642,19.038872340522236,20.5,21.5
140.0,19.0493103216111,18.97372821707292,8.162177923105567,21.0,1,2.026271782927079,18.97372821707292,20.5,21.5
141.0,19.049681277478264,18.952469616523427,8.163325962241622,21.0,1,2.0475303834765732,18.952469616523427,20.5,21.5
142.0,19.050052492373187,19.069218359773437,8.164473780258,21.0,1,1.930781640226563,19.069218359773437,20.5,21.5
143.0,19.050423966135813,19.291496257932206,8.165621375600718,21.0,1,1.7085037420677942,19.291496257932206,20.5,21.5
144.0,19.050795698605636,19.30406459759853,8.166768746716102,21.0,1,1.6959354024014708,19.30406459759853,20.5,21.5
145.0,19.051167689621675,19.290841979704133,8.167915892050777,21.0,1,1.7091580202958667,19.290841979704133,20.5,21.5
146.0,19.051539939022483,19.263033285015837,8.169062810051674,21.0,1,1.7369667149841632,19.263033285015837,20.5,21.5
147.0,19.05191244664616,19.276166583024565,8.170209499166033,21.0,1,1.7238334169754346,19.276166583024565,20.5,21.5
148.0,19.052285212330332,19.23917258470326,8.171355957841401,21.0,1,1.7608274152967383,19.23917258470326,20.5,21.5
149.0,19.05265823591217,19.25825334637913,8.172502184525642,21.0,1,1.7417466536208686,19.25825334637913,20.5,21.5
150.0,19.053031517228373,19.30973905761781,8.17364817766693,21.0,1,1.6902609423821886,19.30973905761781,20.5,21.5
151.0,19.053405056115185,19.31434633989664,8.174793935713756,21.0,1,1.685653660103359,19.31434633989664,20.5,21.5
152.0,19.053778852408385,19.35700207464003,8.17593945711493,21.0,1,1.6429979253599711,19.35700207464003,20.5,21.5
153.0,19.054152905943287,19.32421797317659,8.177084740319584,21.0,1,1.6757820268234092,19.32421797317659,20.5,21.5
154.0,19.054527216554746,19.24309676493771,8.178229783777166,21.0,1,1.756903235062289,19.24309676493771,20.5,21.5
155.0,19.054901784077153,19.121251587943455,8.179374585937458,21.0,1,1.8787484120565452,19.121251587943455,20.5,21.5
156.0,19.05527660834444,19.11541145980066,8.18051914525056,21.0,1,1.8845885401993385,19.11541145980066,20.5,21.5
157.0,19.055651689190075,19.04290902246214,8.181663460166908,21.0,1,1.9570909775378595,19.04290902246214,20.5,21.5
158.0,19.05602702644707,19.15654864291762,8.18280752913726,21.0,1,1.8434513570823796,19.15654864291762,20.5,21.5
159.0,19.056402619947967,19.134651321665803,8.18395135061272,21.0,1,1.8653486783341968,19.134651321665803,20.5,21.5
160.0,19.056778469524854,19.21919716965278,8.185094923044714,21.0,1,1.7808028303472199,19.21919716965278,20.5,21.5
161.0,19.05715457500936,19.26953015899063,8.186238244885013,21.0,1,1.73046984100937,19.26953015899063,20.5,21.5
162.0,19.057530936232652,19.26097551324811,8.187381314585725,21.0,1,1.739024486751891,19.26097551324811,20.5,21.5
163.0,19.057907553025437,19.16212886550889,8.188524130599298,21.0,1,1.8378711344911096,19.16212886550889,20.5,21.5
164.0,19.058284425217963,19.2499167113426,8.189666691378525,21.0,1,1.7500832886574003,19.2499167113426,20.5,21.5
165.0,19.058661552640014,19.276547661129946,8.190808995376544,21.0,1,1.7234523388700538,19.276547661129946,20.5,21.5
166.0,19.059038935120928,19.13904580569966,8.191951041046844,21.0,1,1.8609541943003407,19.13904580569966,20.5,21.5
167.0,19.05941657248957,19.14018233856534,8.193092826843257,21.0,1,1.8598176614346613,19.14018233856534,20.5,21.5
168.0,19.059794464574356,19.229578299630496,8.194234351219972,21.0,1,1.7704217003695035,19.229578299630496,20.5,21.5
169.0,19.06017261120324,19.252846682306366,8.19537561263153,21.0,1,1.747153317693634,19.252846682306366,20.5,21.5
170.0,19.060551012203714,19.206701534912188,8.19651660953283,21.0,1,1.7932984650878119,19.206701534912188,20.5,21.5
171.0,19.060929667402824,19.37375408012514,8.197657340379125,21.0,1,1.6262459198748616,19.37375408012514,20.5,21.5
172.0,19.061308576627148,19.445519716268638,8.198797803626034,21.0,1,1.5544802837313618,19.445519716268638,20.5,21.5
173.0,19.061687739702815,19.344911906743675,8.199937997729533,21.0,1,1.6550880932563246,19.344911906743675,20.5,21.5
174.0,19.06206715645549,19.284960409170015,8.201077921145965,21.0,1,1.715039590829985,19.284960409170015,20.5,21.5
175.0,19.06244682671039,19.24390920596096,8.202217572332039,21.0,1,1.7560907940390393,19.24390920596096,20.5,21.5
176.0,19.062826750292263,19.12367257004514,8.20335694974483,21.0,1,1.8763274299548591,19.12367257004514,20.5,21.5
177.0,19.063206927025416,19.067312110908983,8.20449605184179,21.0,1,1.9326878890910173,19.067312110908983,20.5,21.5
178.0,19.063587356733688,19.15595246463805,8.205634877080739,21.0,1,1.8440475353619483,19.15595246463805,20.5,21.5
179.0,19.06396803924047,19.182423648810982,8.20677342391987,21.0,1,1.8175763511890182,19.182423648810982,20.5,21.5
180.0,19.0643489743687,19.258780003954904,8.20791169081776,21.0,1,1.7412199960450963,19.258780003954904,20.5,21.5
181.0,19.064730161940847,19.270317366615746,8.209049676233356,21.0,1,1.7296826333842539,19.270317366615746,20.5,21.5
182.0,19.065111601778945,19.247600313902037,8.210187378625994,21.0,1,1.752399686097963,19.247600313902037,20.5,21.5
183.0,19.06549329370456,19.255774880006605,8.211324796455388,21.0,1,1.744225119993395,19.255774880006605,20.5,21.5
184.0,19.06587523753881,19.22815140549469,8.212461928181641,21.0,1,1.771848594505311,19.22815140549469,20.5,21.5
185.0,19.066257433102354,19.2129670622816,8.21359877226524,21.0,1,1.7870329377184007,19.2129670622816,20.5,21.5
186.0,19.06663988021541,19.22305726477807,8.214735327167062,21.0,1,1.7769427352219296,19.22305726477807,20.5,21.5
187.0,19.067022578697724,19.169224329978388,8.21587159134838,21.0,1,1.8307756700216125,19.169224329978388,20.5,21.5
188.0,19.067405528368607,19.14801830978954,8.217007563270853,21.0,1,1.8519816902104616,19.14801830978954,20.5,21.5
189.0,19.067788729046907,19.17084638421416,8.218143241396543,21.0,1,1.8291536157858417,19.17084638421416,20.5,21.5
190.0,19.068172180551024,19.09827423313907,8.219278624187904,21.0,1,1.901725766860931,19.09827423313907,20.5,21.5
191.0,19.068555882698902,19.13517529173635,8.220413710107792,21.0,1,1.8648247082636509,19.13517529173635,20.5,21.5
192.0,19.06893983530804,19.259689559024576,8.221548497619468,21.0,1,1.7403104409754242,19.259689559024576,20.5,21.5
193.0,19.06932403819548,19.249723681162227,8.22268298518659,21.0,1,1.7502763188377735,19.249723681162227,20.5,21.5
194.0,19.06970849117781,19.217701079955127,8.22381717127323,21.0,1,1.7822989200448731,19.217701079955127,20.5,21.5
195.0,19.070093194071173,19.308891964795723,8.224951054343865,21.0,1,1.6911080352042767,19.308891964795723,20.5,21.5
196.0,19.070478146691265,19.252458856438707,8.226084632863378,21.0,1,1.7475411435612926,19.252458856438707,20.5,21.5
197.0,19.070863348853322,19.177178071647667,8.22721790529707,21.0,1,1.822821928352333,19.177178071647667,20.5,21.5
198.0,19.071248800372135,19.231678414264692,8.228350870110656,21.0,1,1.7683215857353076,19.231678414264692,20.5,21.5
199.0,19.07163450106205,19.29155368051007,8.229483525770263,21.0,1,1.70844631948993,19.29155368051007,20.5,21.5
200.0,19.072020450736954,19.313149706785843,8.23061587074244,21.0,1,1.6868502932141567,19.313149706785843,20.5,21.5
201.0,19.07240664921029,19.2767167598257,8.231747903494158,21.0,1,1.7232832401743003,19.2767167598257,20.5,21.5
202.0,19.07279309629505,19.420204129450845,8.232879622492806,21.0,1,1.5797958705491553,19.420204129450845,20.5,21.5
203.0,19.073179791803785,19.371048002696845,8.234011026206202,21.0,1,1.6289519973031545,19.371048002696845,20.5,21.5
204.0,19.073566735548585,19.42536810555351,8.23514211310259,21.0,1,1.5746318944464903,19.42536810555351,20.5,21.5
205.0,19.073953927341105,19.43898844808309,8.236272881650642,21.0,1,1.5610115519169092,19.43898844808309,20.5,21.5
206.0,19.07434136699254,19.553714418550793,8.23740333031946,21.0,1,1.4462855814492066,19.553714418550793,20.5,21.5
207.0,19.07472905431365,19.50553729323635,8.238533457578582,21.0,1,1.494462706763649,19.50553729323635,20.5,21.5
208.0,19.07511698911474,19.44080409533364,8.239663261897977,21.0,1,1.5591959046663604,19.44080409533364,20.5,21.5
209.0,19.075505171205666,19.28537554152127,8.240792741748056,21.0,1,1.7146244584787311,19.28537554152127,20.5,21.5
210.0,19.075893600395847,19.239811515621856,8.241921895599667,21.0,1,1.7601884843781441,19.239811515621856,20.5,21.5
211.0,19.076282276494247,19.240015756667066,8.2430507219241,21.0,1,1.7599842433329336,19.240015756667066,20.5,21.5
212.0,19.07667119930939,19.155238688163926,8.244179219193086,21.0,1,1.8447613118360735,19.155238688163926,20.5,21.5
213.0,19.077060368649352,19.16271739101183,8.245307385878803,21.0,1,1.8372826089881684,19.16271739101183,20.5,21.5
214.0,19.07744978432176,19.295426631868207,8.246435220453877,21.0,1,1.7045733681317934,19.295426631868207,20.5,21.5
215.0,19.077839446133805,19.315348949085617,8.247562721391386,21.0,1,1.6846510509143826,19.315348949085617,20.5,21.5
216.0,19.078229353892223,19.20003553708227,8.248689887164854,21.0,1,1.7999644629177283,19.20003553708227,20.5,21.5
217.0,19.078619507403314,19.216447283342095,8.249816716248265,21.0,1,1.7835527166579048,19.216447283342095,20.5,21.5
218.0,19.07900990647293,19.231208394678994,8.250943207116054,21.0,1,1.768791605321006,19.231208394678994,20.5,21.5
219.0,19.079400550906477,19.133490416528197,8.252069358243114,21.0,1,1.866509583471803,19.133490416528197,20.5,21.5
220.0,19.079791440508924,19.193616407799375,8.253195168104801,21.0,1,1.8063835922006248,19.193616407799375,20.5,21.5
221.0,19.080182575084788,19.267793153942037,8.254320635176933,21.0,1,1.732206846057963,19.267793153942037,20.5,21.5
222.0,19.08057395443815,19.315350515319448,8.25544575793579,21.0,1,1.684649484680552,19.315350515319448,20.5,21.5
223.0,19.080965578372652,19.34893416124875,8.256570534858119,21.0,1,1.6510658387512507,19.34893416124875,20.5,21.5
224.0,19.08135744669148,19.374416402992825,8.257694964421134,21.0,1,1.625583597007175,19.374416402992825,20.5,21.5
225.0,19.08174955919739,19.295231306767054,8.25881904510252,21.0,1,1.7047686932329462,19.295231306767054,20.5,21.5
226.0,19.08214191569269,19.369978897250736,8.259942775380438,21.0,1,1.6300211027492644,19.369978897250736,20.5,21.5
227.0,19.082534515979255,19.40002955370514,8.261066153733516,21.0,1,1.5999704462948614,19.40002955370514,20.5,21.5
228.0,19.082927359858505,19.406603615487874,8.262189178640865,21.0,1,1.5933963845121255,19.406603615487874,20.5,21.5
229.0,19.083320447131435,19.330115999174758,8.26331184858207,21.0,1,1.6698840008252418,19.330115999174758,20.5,21.5
230.0,19.083713777598586,19.399447706951328,8.264434162037203,21.0,1,1.600552293048672,19.399447706951328,20.5,21.5
231.0,19.084107351060066,19.30872919142198,8.265556117486808,21.0,1,1.6912708085780217,19.30872919142198,20.5,21.5
232.0,19.08450116731554,19.284677656869246,8.266677713411926,21.0,1,1.7153223431307545,19.284677656869246,20.5,21.5
233.0,19.08489522616424,19.362159366826717,8.267798948294075,21.0,1,1.6378406331732833,19.362159366826717,20.5,21.5
234.0,19.08528952740495,19.470765840546427,8.268919820615265,21.0,1,1.5292341594535728,19.470765840546427,20.5,21.5
235.0,19.08568407083602,19.312542575589113,8.270040328858,21.0,1,1.687457424410887,19.312542575589113,20.5,21.5
236.0,19.086078856255362,19.332389862773603,8.271160471505274,21.0,1,1.6676101372263972,19.332389862773603,20.5,21.5
237.0,19.086473883460446,19.24159057308025,8.272280247040575,21.0,1,1.7584094269197514,19.24159057308025,20.5,21.5
238.0,19.086869152248305,19.184170140917164,8.273399653947887,21.0,1,1.815829859082836,19.184170140917164,20.5,21.5
239.0,19.08726466241554,19.09116569311693,8.274518690711702,21.0,1,1.9088343068830689,19.09116569311693,20.5,21.5
240.0,19.087660413758304,19.179638489668797,8.275637355816999,21.0,1,1.8203615103312032,19.179638489668797,20.5,21.5
241.0,19.088056406072322,19.136220979109414,8.276755647749273,21.0,1,1.8637790208905862,19.136220979109414,20.5,21.5
242.0,19.08845263915288,19.18791195606218,8.277873564994515,21.0,1,1.8120880439378197,19.18791195606218,20.5,21.5
243.0,19.088849112794826,19.143791776017174,8.278991106039228,21.0,1,1.8562082239828257,19.143791776017174,20.5,21.5
244.0,19.089245826792574,19.180954018754356,8.280108269370427,21.0,1,1.8190459812456439,19.180954018754356,20.5,21.5
245.0,19.0896427809401,19.225560256902835,8.28122505347563,21.0,1,1.7744397430971652,19.225560256902835,20.5,21.5
246.0,19.090039975030944,19.345505085407645,8.282341456842877,21.0,1,1.6544949145923553,19.345505085407645,20.5,21.5
247.0,19.090437408858214,19.333517181741122,8.283457477960717,21.0,1,1.6664828182588778,19.333517181741122,20.5,21.5
248.0,19.090835082214582,19.335655281537743,8.284573115318219,21.0,1,1.6643447184622566,19.335655281537743,20.5,21.5
249.0,19.091232994892284,19.339381844187393,8.285688367404973,21.0,1,1.6606181558126067,19.339381844187393,20.5,21.5
250.0,19.09163114668312,19.297780215340598,8.28680323271109,21.0,1,1.7022197846594018,19.297780215340598,20.5,21.5
251.0,19.092029537378462,19.188059031117486,8.287917709727203,21.0,1,1.8119409688825137,19.188059031117486,20.5,21.5
252.0,19.092428166769245,19.204640199676486,8.289031796944471,21.0,1,1.7953598003235136,19.204640199676486,20.5,21.5
253.0,19.09282703464597,19.232295996776408,8.290145492854583,21.0,1,1.7677040032235922,19.232295996776408,20.5,21.5
254.0,19.09322614079871,19.241683463253803,8.291258795949755,21.0,1,1.7583165367461966,19.241683463253803,20.5,21.5
255.0,19.093625485017093,19.254746978555616,8.292371704722736,21.0,1,1.745253021444384,19.254746978555616,20.5,21.5
256.0,19.094025067090328,19.333005017071983,8.29348421766681,21.0,1,1.666994982928017,19.333005017071983,20.5,21.5
257.0,19.094424886807186,19.409419222655366,8.294596333275795,21.0,1,1.590580777344634,19.409419222655366,20.5,21.5
258.0,19.09482494395601,19.356218078073024,8.295708050044047,21.0,1,1.6437819219269763,19.356218078073024,20.5,21.5
259.0,19.095225238324705,19.35014430285141,8.296819366466464,21.0,1,1.6498556971485883,19.35014430285141,20.5,21.5
260.0,19.095625769700753,19.401595519026397,8.297930281038482,21.0,1,1.5984044809736027,19.401595519026397,20.5,21.5
261.0,19.0960265378712,19.47378916899404,8.299040792256086,21.0,1,1.5262108310059617,19.47378916899404,20.5,21.5
262.0,19.096427542622664,19.46290656022486,8.300150898615806,21.0,1,1.5370934397751412,19.46290656022486,20.5,21.5
263.0,19.096828783741326,19.559559797823738,8.301260598614716,21.0,1,1.4404402021762621,19.559559797823738,20.5,21.5
264.0,19.09723026101295,19.560378671953618,8.302369890750445,21.0,1,1.4396213280463819,19.560378671953618,20.5,21.5
265.0,19.09763197422286,19.441299084666202,8.30347877352117,21.0,1,1.558700915333798,19.441299084666202,20.5,21.5
266.0,19.09803392315596,19.459260903723443,8.304587245425628,21.0,1,1.5407390962765568,19.459260903723443,20.5,21.5
267.0,19.098436107596715,19.3149882761844,8.305695304963105,21.0,1,1.6850117238155988,19.3149882761844,20.5,21.5
268.0,19.09883852732917,19.242019304683012,8.306802950633452,21.0,1,1.7579806953169879,19.242019304683012,20.5,21.5
269.0,19.09924118213694,19.236025657912414,8.307910180937077,21.0,1,1.763974342087586,19.236025657912414,20.5,21.5
270.0,19.099644071803205,19.3121293419163,8.309016994374947,21.0,1,1.6878706580836997,19.3121293419163,20.5,21.5
271.0,19.10004719611073,19.23988357799672,8.310123389448602,21.0,1,1.7601164220032786,19.23988357799672,20.5,21.5
272.0,19.100450554841842,19.40899034851131,8.31122936466014,21.0,1,1.5910096514886902,19.40899034851131,20.5,21.5
273.0,19.10085414777845,19.38391303571574,8.312334918512233,21.0,1,1.6160869642842606,19.38391303571574,20.5,21.5
274.0,19.101257974702026,19.489983666242644,8.31344004950812,21.0,1,1.5100163337573562,19.489983666242644,20.5,21.5
275.0,19.101662035393627,19.59226629664827,8.314544756151614,21.0,1,1.407733703351731,19.59226629664827,20.5,21.5
276.0,19.102066329633878,19.56130075606916,8.315649036947102,21.0,1,1.4386992439308415,19.56130075606916,20.5,21.5
277.0,19.10247085720298,19.4559824259633,8.316752890399549,21.0,1,1.544017574036701,19.4559824259633,20.5,21.5
278.0,19.102875617880713,19.416921879914337,8.317856315014497,21.0,1,1.5830781200856627,19.416921879914337,20.5,21.5
279.0,19.103280611446426,19.392478890165272,8.31895930929807,21.0,1,1.6075211098347282,19.392478890165272,20.5,21.5
280.0,19.10368583767904,19.34932558081984,8.320061871756971,21.0,1,1.6506744191801594,19.34932558081984,20.5,21.5
281.0,19.104091296357065,19.348481933076606,8.321164000898493,21.0,1,1.6515180669233942,19.348481933076606,20.5,21.5
282.0,19.104496987258578,19.26567887414536,8.322265695230511,21.0,1,1.7343211258546383,19.26567887414536,20.5,21.5
283.0,19.104902910161236,19.351720152282695,8.323366953261491,21.0,1,1.6482798477173048,19.351720152282695,20.5,21.5
284.0,19.10530906484227,19.26164725104238,8.32446777350049,21.0,1,1.7383527489576203,19.26164725104238,20.5,21.5
285.0,19.10571545107849,19.20946247714944,8.325568154457157,21.0,1,1.7905375228505598,19.20946247714944,20.5,21.5
286.0,19.106122068646282,19.229050002119795,8.326668094641734,21.0,1,1.770949997880205,19.229050002119795,20.5,21.5
287.0,19.106528917321615,19.308463498392843,8.327767592565063,21.0,1,1.6915365016071569,19.308463498392843,20.5,21.5
288.0,19.10693599688003,19.310867526942776,8.328866646738582,21.0,1,1.6891324730572244,19.310867526942776,20.5,21.5
289.0,19.10734330709665,19.40528536655729,8.329965255674335,21.0,1,1.5947146334427096,19.40528536655729,20.5,21.5
290.0,19.107750847746175,19.353873942481737,8.331063417884959,21.0,1,1.6461260575182628,19.353873942481737,20.5,21.5
291.0,19.10815861860289,19.29320492612207,8.332161131883703,21.0,1,1.706795073877931,19.29320492612207,20.5,21.5
292.0,19.10856661944065,19.288873037256735,8.333258396184425,21.0,1,1.7111269627432648,19.288873037256735,20.5,21.5
293.0,19.1089748500329,19.273224655628756,8.334355209301583,21.0,1,1.7267753443712444,19.273224655628756,20.5,21.5
294.0,19.10938331015266,19.08933505366962,8.335451569750255,21.0,1,1.9106649463303818,19.08933505366962,20.5,21.5
295.0,19.109791999572526,19.022040353206673,8.336547476046126,21.0,1,1.9779596467933267,19.022040353206673,20.5,21.5
296.0,19.110200918064685,19.094436101790144,8.337642926705499,21.0,1,1.9055638982098557,19.094436101790144,20.5,21.5
297.0,19.1106100654009,19.192323066835133,8.338737920245292,21.0,1,1.807676933164867,19.192323066835133,20.5,21.5
298.0,19.111019441352514,19.208401396083374,8.339832455183041,21.0,1,1.7915986039166256,19.208401396083374,20.5,21.5
299.0,19.111429045690457,19.37903123896158,8.340926530036906,21.0,1,1.6209687610384194,19.37903123896158,20.5,21.5
300.0,19.11183887818524,19.45440962305926,8.34202014332567,21.0,1,1.5455903769407406,19.45440962305926,20.5,21.5
301.0,19.112248938606953,19.414684496363588,8.343113293568734,21.0,1,1.5853155036364122,19.414684496363588,20.5,21.5
302.0,19.112659226725274,19.310333494780263,8.344205979286135,21.0,1,1.689666505219737,19.310333494780263,20.5,21.5
303.0,19.11306974230946,19.26077426742009,8.345298198998535,21.0,1,1.7392257325799108,19.26077426742009,20.5,21.5
304.0,19.113480485128356,19.120093389023662,8.346389951227225,21.0,1,1.879906610976338,19.120093389023662,20.5,21.5
305.0,19.11389145495039,19.091058430028834,8.347481234494131,21.0,1,1.9089415699711658,19.091058430028834,20.5,21.5
306.0,19.11430265154357,19.026273705987045,8.348572047321815,21.0,1,1.9737262940129554,19.026273705987045,20.5,21.5
307.0,19.114714074675497,19.024037784044122,8.349662388233474,21.0,1,1.975962215955878,19.024037784044122,20.5,21.5
308.0,19.11512572411335,19.111891298991036,8.350752255752944,21.0,1,1.8881087010089637,19.111891298991036,20.5,21.5
309.0,19.1155375996239,19.160509921627632,8.351841648404703,21.0,1,1.8394900783723678,19.160509921627632,20.5,21.5
310.0,19.11594970097349,19.28339365028584,8.35293056471387,21.0,1,1.7166063497141586,19.28339365028584,20.5,21.5
311.0,19.116362027928073,19.36412122311201,8.35401900320621,21.0,1,1.6358787768879886,19.36412122311201,20.5,21.5
312.0,19.116774580253164,19.398437695027884,8.355106962408136,21.0,1,1.6015623049721164,19.398437695027884,20.5,21.5
313.0,19.11718735771388,19.35235582648953,8.35619444084671,21.0,1,1.6476441735104714,19.35235582648953,20.5,21.5
314.0,19.117600360074924,19.356117319909433,8.357281437049643,21.0,1,1.6438826800905666,19.356117319909433,20.5,21.5
315.0,19.11801358710058,19.247555833681837,8.3583679495453,21.0,1,1.7524441663181634,19.247555833681837,20.5,21.5
316.0,19.118427038554728,19.203116139148158,8.3594539768627,21.0,1,1.7968838608518425,19.203116139148158,20.5,21.5
317.0,19.118840714200832,19.252085319024882,8.36053951753152,21.0,1,1.7479146809751178,19.252085319024882,20.5,21.5
318.0,19.119254613801942,19.173739052346527,8.361624570082093,21.0,1,1.8262609476534735,19.173739052346527,20.5,21.5
319.0,19.1196687371207,19.18978245188381,8.362709133045417,21.0,1,1.8102175481161886,19.18978245188381,20.5,21.5
320.0,19.120083083919344,19.296966357812558,8.36379320495315,21.0,1,1.7030336421874424,19.296966357812558,20.5,21.5
321.0,19.12049765395969,19.404891668872324,8.36487678433762,21.0,1,1.5951083311276761,19.404891668872324,20.5,21.5
322.0,19.120912447003146,19.287237526961015,8.365959869731812,21.0,1,1.7127624730389854,19.287237526961015,20.5,21.5
323.0,19.121327462810722,19.421761022414564,8.367042459669388,21.0,1,1.5782389775854355,19.421761022414564,20.5,21.5
324.0,19.12174270114301,19.382586880060934,8.368124552684678,21.0,1,1.6174131199390658,19.382586880060934,20.5,21.5
325.0,19.12215816176019,19.272333829616084,8.369206147312685,21.0,1,1.727666170383916,19.272333829616084,20.5,21.5
326.0,19.12257384442204,19.23573676061184,8.370287242089086,21.0,1,1.7642632393881605,19.23573676061184,20.5,21.5
327.0,19.122989748887928,19.2924221516743,8.371367835550235,21.0,1,1.7075778483256983,19.2924221516743,20.5,21.5
328.0,19.123405874916816,19.15888540787638,8.372447926233166,21.0,1,1.8411145921236205,19.15888540787638,20.5,21.5
329.0,19.123822222267254,19.258826030143226,8.373527512675594,21.0,1,1.7411739698567743,19.258826030143226,20.5,21.5
330.0,19.12423879069739,19.24957279353407,8.374606593415912,21.0,1,1.750427206465929,19.24957279353407,20.5,21.5
331.0,19.124655579964962,19.202760157626575,8.375685166993204,21.0,1,1.7972398423734255,19.202760157626575,20.5,21.5
332.0,19.125072589827305,19.22797968034638,8.376763231947237,21.0,1,1.7720203196536204,19.22797968034638,20.5,21.5
333.0,19.125489820041345,19.29341594701601,8.377840786818467,21.0,1,1.7065840529839917,19.29341594701601,20.5,21.5
334.0,19.125907270363605,19.21042917001363,8.37891783014804,21.0,1,1.7895708299863706,19.21042917001363,20.5,21.5
335.0,19.1263249405502,19.264623006994206,8.379994360477799,21.0,1,1.7353769930057936,19.264623006994206,20.5,21.5
336.0,19.126742830356843,19.244182578599187,8.381070376350275,21.0,1,1.7558174214008133,19.244182578599187,20.5,21.5
337.0,19.12716093953884,19.253951505243144,8.382145876308698,21.0,1,1.746048494756856,19.253951505243144,20.5,21.5
338.0,19.127579267851097,19.286213650637983,8.383220858896998,21.0,1,1.7137863493620173,19.286213650637983,20.5,21.5
339.0,19.12799781504811,19.33340953330316,8.384295322659804,21.0,1,1.6665904666968387,19.33340953330316,20.5,21.5
340.0,19.128416580883982,19.29982370224613,8.385369266142447,21.0,1,1.7001762977538704,19.29982370224613,20.5,21.5
341.0,19.128835565112404,19.325431156186355,8.386442687890968,21.0,1,1.6745688438136455,19.325431156186355,20.5,21.5
342.0,19.129254767486664,19.360343115525694,8.387515586452103,21.0,1,1.6396568844743058,19.360343115525694,20.5,21.5
343.0,19.12967418775965,19.2623403012771,8.388587960373307,21.0,1,1.7376596987229007,19.2623403012771,20.5,21.5
344.0,19.130093825683854,19.225244132159894,8.389659808202738,21.0,1,1.7747558678401063,19.225244132159894,20.5,21.5
345.0,19.13051368101136,19.323061647115082,8.390731128489273,21.0,1,1.6769383528849175,19.323061647115082,20.5,21.5
346.0,19.130933753493853,19.32820082623282,8.391801919782498,21.0,1,1.6717991737671802,19.32820082623282,20.5,21.5
347.0,19.131354042882617,19.32592265739988,8.392872180632716,21.0,1,1.6740773426001212,19.32592265739988,20.5,21.5
348.0,19.131774548928533,19.449518147069156,8.393941909590952,21.0,1,1.5504818529308437,19.449518147069156,20.5,21.5
349.0,19.132195271382088,19.46387923052228,8.395011105208942,21.0,1,1.5361207694777193,19.46387923052228,20.5,21.5
350.0,19.132616209993362,19.3896114366817,8.396079766039156,21.0,1,1.610388563318299,19.3896114366817,20.5,21.5
351.0,19.133037364512045,19.355863083904886,8.39714789063478,21.0,1,1.644136916095114,19.355863083904886,20.5,21.5
352.0,19.13345873468742,19.346249062566812,8.398215477549728,21.0,1,1.6537509374331876,19.346249062566812,20.5,21.5
353.0,19.133880320268375,19.330662878598794,8.399282525338643,21.0,1,1.669337121401206,19.330662878598794,20.5,21.5
354.0,19.134302121003397,19.325403578551754,8.400349032556894,21.0,1,1.6745964214482463,19.325403578551754,20.5,21.5
355.0,19.134724136640582,19.240476823557028,8.40141499776059,21.0,1,1.759523176442972,19.240476823557028,20.5,21.5
356.0,19.13514636692762,19.31153940926782,8.402480419506563,21.0,1,1.6884605907321806,19.31153940926782,20.5,21.5
357.0,19.135568811611815,19.262457943080573,8.403545296352391,21.0,1,1.7375420569194269,19.262457943080573,20.5,21.5
358.0,19.13599147044006,19.219348639523268,8.40460962685638,21.0,1,1.7806513604767318,19.219348639523268,20.5,21.5
359.0,19.136414343158865,19.168827740004076,8.405673409577586,21.0,1,1.831172259995924,19.168827740004076,20.5,21.5
360.0,19.136837429514337,19.175836678560067,8.406736643075801,21.0,1,1.8241633214399329,19.175836678560067,20.5,21.5
361.0,19.13726072925219,19.04962649843839,8.407799325911556,21.0,1,1.9503735015616108,19.04962649843839,20.5,21.5
362.0,19.137684242117743,19.064857666713998,8.408861456646138,21.0,1,1.9351423332860023,19.064857666713998,20.5,21.5
363.0,19.13810796785592,19.092797578242095,8.409923033841572,21.0,1,1.9072024217579049,19.092797578242095,20.5,21.5
364.0,19.13853190621125,19.229470165727157,8.41098405606064,21.0,1,1.7705298342728426,19.229470165727157,20.5,21.5
365.0,19.138956056927864,19.393302932057086,8.412044521866868,21.0,1,1.606697067942914,19.393302932057086,20.5,21.5
366.0,19.13938041974951,19.456526533586143,8.413104429824541,21.0,1,1.5434734664138574,19.456526533586143,20.5,21.5
367.0,19.139804994419535,19.463440403949843,8.414163778498699,21.0,1,1.5365595960501572,19.463440403949843,20.5,21.5
368.0,19.140229780680894,19.457645531061058,8.415222566455133,21.0,1,1.5423544689389423,19.457645531061058,20.5,21.5
369.0,19.14065477827615,19.424135552704158,8.416280792260402,21.0,1,1.5758644472958423,19.424135552704158,20.5,21.5
370.0,19.141079986947478,19.40521391692365,8.417338454481818,21.0,1,1.5947860830763503,19.40521391692365,20.5,21.5
371.0,19.141505406436657,19.53564467387918,8.418395551687462,21.0,1,1.4643553261208204,19.53564467387918,20.5,21.5
372.0,19.141931036485076,19.538636841519555,8.419452082446178,21.0,1,1.4613631584804452,19.538636841519555,20.5,21.5
373.0,19.14235687683373,19.53092217559505,8.420508045327574,21.0,1,1.4690778244049483,19.53092217559505,20.5,21.5
374.0,19.14278292722323,19.52305411681727,8.421563438902032,21.0,1,1.4769458831827293,19.52305411681727,20.5,21.5
375.0,19.14320918739379,19.458538592943665,8.4226182617407,21.0,1,1.5414614070563353,19.458538592943665,20.5,21.5
376.0,19.143635657085238,19.355423784065035,8.423672512415502,21.0,1,1.6445762159349648,19.355423784065035,20.5,21.5
377.0,19.144062336037013,19.245703931712256,8.424726189499134,21.0,1,1.7542960682877435,19.245703931712256,20.5,21.5
378.0,19.144489223988167,19.235459496172332,8.425779291565073,21.0,1,1.7645405038276678,19.235459496172332,20.5,21.5
379.0,19.14491632067736,19.195617031606737,8.42683181718757,21.0,1,1.8043829683932628,19.195617031606737,20.5,21.5
380.0,19.145343625842862,19.175798587675956,8.427883764941654,21.0,1,1.8242014123240438,19.175798587675956,20.5,21.5
381.0,19.14577113922256,19.249205520067182,8.428935133403145,21.0,1,1.750794479932818,19.249205520067182,20.5,21.5
382.0,19.146198860553955,19.392263263770406,8.429985921148642,21.0,1,1.6077367362295938,19.392263263770406,20.5,21.5
383.0,19.146626789574153,19.44782018330496,8.43103612675553,21.0,1,1.5521798166950411,19.44782018330496,20.5,21.5
384.0,19.14705492601988,19.480854114649883,8.432085748801983,21.0,1,1.5191458853501167,19.480854114649883,20.5,21.5
385.0,19.147483269627475,19.545216275467027,8.433134785866963,21.0,1,1.454783724532973,19.545216275467027,20.5,21.5
386.0,19.14791182013289,19.492662177026933,8.434183236530227,21.0,1,1.5073378229730672,19.492662177026933,20.5,21.5
387.0,19.14834057727169,19.47459324881238,8.435231099372327,21.0,1,1.5254067511876208,19.47459324881238,20.5,21.5
388.0,19.148769540779057,19.504135071404146,8.436278372974607,21.0,1,1.4958649285958536,19.504135071404146,20.5,21.5
389.0,19.14919871038979,19.555593887401027,8.437325055919208,21.0,1,1.4444061125989727,19.555593887401027,20.5,21.5
390.0,19.149628085838298,19.487795000371868,8.438371146789077,21.0,1,1.512204999628132,19.487795000371868,20.5,21.5
391.0,19.150057666858615,19.409596769909122,8.439416644167956,21.0,1,1.5904032300908781,19.409596769909122,20.5,21.5
392.0,19.150487453184386,19.475954202064777,8.440461546640394,21.0,1,1.5240457979352229,19.475954202064777,20.5,21.5
393.0,19.15091744454887,19.426015458781958,8.441505852791746,21.0,1,1.5739845412180422,19.426015458781958,20.5,21.5
394.0,19.15134764068495,19.318200283759822,8.44254956120817,21.0,1,1.681799716240178,19.318200283759822,20.5,21.5
395.0,19.151778041325123,19.307570477718105,8.443592670476637,21.0,1,1.6924295222818948,19.307570477718105,20.5,21.5
396.0,19.152208646201508,19.38863877119055,8.444635179184928,21.0,1,1.61136122880945,19.38863877119055,20.5,21.5
397.0,19.152639455045836,19.259664483083963,8.445677085921638,21.0,1,1.740335516916037,19.259664483083963,20.5,21.5
398.0,19.153070467589462,19.332428277880606,8.446718389276176,21.0,1,1.6675717221193942,19.332428277880606,20.5,21.5
399.0,19.15350168356336,19.39584853686431,8.44775908783877,21.0,1,1.6041514631356897,19.39584853686431,20.5,21.5
400.0,19.15393310269812,19.395771589833622,8.448799180200462,21.0,1,1.6042284101663782,19.395771589833622,20.5,21.5
401.0,19.15436472472395,19.455073138201534,8.44983866495312,21.0,1,1.5449268617984657,19.455073138201534,20.5,21.5
402.0,19.154796549370694,19.515536333294733,8.450877540689431,21.0,1,1.4844636667052669,19.515536333294733,20.5,21.5
403.0,19.1552285763678,19.51216245588689,8.451915806002908,21.0,1,1.487837544113109,19.51216245588689,20.5,21.5
404.0,19.155660805444345,19.513676359826917,8.45295345948789,21.0,1,1.486323640173083,19.513676359826917,20.5,21.5
405.0,19.156093236329028,19.587993144243534,8.453990499739547,21.0,1,1.4120068557564665,19.587993144243534,20.5,21.5
406.0,19.156525868750165,19.447967210004453,8.455026925353874,21.0,1,1.5520327899955468,19.447967210004453,20.5,21.5
407.0,19.1569587024357,19.482711078530176,8.456062734927702,21.0,1,1.5172889214698237,19.482711078530176,20.5,21.5
408.0,19.157391737113194,19.43147883360577,8.457097927058694,21.0,1,1.5685211663942304,19.43147883360577,20.5,21.5
409.0,19.157824972509843,19.433907505697178,8.458132500345352,21.0,1,1.566092494302822,19.433907505697178,20.5,21.5
410.0,19.158258408352456,19.358574711338036,8.459166453387011,21.0,1,1.6414252886619636,19.358574711338036,20.5,21.5
411.0,19.158692044367466,19.411002036699045,8.460199784783851,21.0,1,1.5889979633009546,19.411002036699045,20.5,21.5
412.0,19.15912588028094,19.29810119431577,8.46123249313689,21.0,1,1.7018988056842304,19.29810119431577,20.5,21.5
413.0,19.15955991581856,19.264324948739873,8.462264577047991,21.0,1,1.7356750512601273,19.264324948739873,20.5,21.5
414.0,19.159994150705636,19.180328180425697,8.463296035119862,21.0,1,1.8196718195743031,19.180328180425697,20.5,21.5
415.0,19.160428584667105,19.17437304898315,8.464326865956057,21.0,1,1.8256269510168508,19.17437304898315,20.5,21.5
416.0,19.160863217427536,19.13104774492961,8.465357068160982,21.0,1,1.8689522550703899,19.13104774492961,20.5,21.5
417.0,19.161298048711114,19.17266843358737,8.466386640339891,21.0,1,1.8273315664126315,19.17266843358737,20.5,21.5
418.0,19.161733078241657,19.182603189463865,8.467415581098894,21.0,1,1.8173968105361347,19.182603189463865,20.5,21.5
419.0,19.162168305742608,19.222818780219242,8.468443889044954,21.0,1,1.7771812197807577,19.222818780219242,20.5,21.5
420.0,19.162603730937043,19.301573875746385,8.469471562785891,21.0,1,1.698426124253615,19.301573875746385,20.5,21.5
421.0,19.16303935354766,19.290257448386228,8.470498600930384,21.0,1,1.7097425516137719,19.290257448386228,20.5,21.5
422.0,19.16347517329679,19.28580608840022,8.47152500208797,21.0,1,1.7141939115997786,19.28580608840022,20.5,21.5
423.0,19.163911189906386,19.345649044106384,8.472550764869053,21.0,1,1.6543509558936158,19.345649044106384,20.5,21.5
424.0,19.16434740309804,19.307333724622744,8.4735758878849,21.0,1,1.6926662753772561,19.307333724622744,20.5,21.5
425.0,19.16478381259297,19.231333007700872,8.474600369747641,21.0,1,1.7686669922991278,19.231333007700872,20.5,21.5
426.0,19.16522041811202,19.340002988377115,8.475624209070276,21.0,1,1.6599970116228846,19.340002988377115,20.5,21.5
427.0,19.165657219375674,19.3349926887906,8.476647404466675,21.0,1,1.6650073112094006,19.3349926887906,20.5,21.5
428.0,19.16609421610404,19.260980680651535,8.47766995455158,21.0,1,1.7390193193484649,19.260980680651535,20.5,21.5
429.0,19.166531408016855,19.33436973902793,8.478691857940607,21.0,1,1.665630260972069,19.33436973902793,20.5,21.5
430.0,19.166968794833497,19.41872224655991,8.479713113250247,21.0,1,1.5812777534400908,19.41872224655991,20.5,21.5
431.0,19.167406376272968,19.367261421527985,8.480733719097866,21.0,1,1.632738578472015,19.367261421527985,20.5,21.5
432.0,19.16784415205391,19.451914191221316,8.481753674101714,21.0,1,1.5480858087786835,19.451914191221316,20.5,21.5
433.0,19.168282121894592,19.3695665789242,8.482772976880922,21.0,1,1.6304334210758,19.3695665789242,20.5,21.5
434.0,19.168720285512922,19.419614512772966,8.483791626055496,21.0,1,1.5803854872270335,19.419614512772966,20.5,21.5
435.0,19.169158642626435,19.429655307898987,8.484809620246336,21.0,1,1.5703446921010134,19.429655307898987,20.5,21.5
436.0,19.16959719295231,19.567972545745825,8.485826958075227,21.0,1,1.4320274542541753,19.567972545745825,20.5,21.5
437.0,19.170035936207352,19.5330153067925,8.486843638164839,21.0,1,1.4669846932075004,19.5330153067925,20.5,21.5
438.0,19.170474872108006,19.661150922209764,8.487859659138733,21.0,1,1.3388490777902362,19.661150922209764,20.5,21.5
439.0,19.17091400037035,19.594196881057126,8.488875019621366,21.0,1,1.405803118942874,19.594196881057126,20.5,21.5
440.0,19.1713533207101,19.49323120651784,8.489889718238087,21.0,1,1.5067687934821592,19.49323120651784,20.5,21.5
441.0,19.17179283284261,19.408119054286647,8.490903753615141,21.0,1,1.5918809457133527,19.408119054286647,20.5,21.5
442.0,19.172232536482866,19.41083472686792,8.49191712437967,21.0,1,1.5891652731320782,19.41083472686792,20.5,21.5
443.0,19.1726724313455,19.402572021275795,8.492929829159719,21.0,1,1.5974279787242054,19.402572021275795,20.5,21.5
444.0,19.173112517144773,19.476150388366108,8.493941866584231,21.0,1,1.5238496116338922,19.476150388366108,20.5,21.5
445.0,19.173552793594585,19.48880239763627,8.494953235283054,21.0,1,1.5111976023637297,19.48880239763627,20.5,21.5
446.0,19.17399326040848,19.566482042125767,8.495963933886943,21.0,1,1.4335179578742334,19.566482042125767,20.5,21.5
447.0,19.17443391729964,19.43723198903973,8.496973961027555,21.0,1,1.5627680109602693,19.43723198903973,20.5,21.5
448.0,19.174874763980885,19.41916817166122,8.497983315337464,21.0,1,1.5808318283387806,19.41916817166122,20.5,21.5
449.0,19.17531580016467,19.29601517212437,8.498991995450147,21.0,1,1.7039848278756295,19.29601517212437,20.5,21.5
450.0,19.1757570255631,19.35313336242288,8.5,21.0,1,1.6468666375771193,19.35313336242288,20.5,21.5
451.0,19.176198439887912,19.259756976121068,8.501007327622329,21.0,1,1.7402430238789321,19.259756976121068,20.5,21.5
452.0,19.17664004285049,19.309091154868405,8.50201397695336,21.0,1,1.6909088451315952,19.309091154868405,20.5,21.5
453.0,19.177081834161857,19.308476145062876,8.503019946630236,21.0,1,1.6915238549371239,19.308476145062876,20.5,21.5
454.0,19.17752381353268,19.318354629795273,8.504025235291017,21.0,1,1.681645370204727,19.318354629795273,20.5,21.5
455.0,19.177965980673267,19.239525324518816,8.50502984157469,21.0,1,1.7604746754811842,19.239525324518816,20.5,21.5
456.0,19.178408335293568,19.25367937457385,8.506033764121163,21.0,1,1.7463206254261507,19.25367937457385,20.5,21.5
457.0,19.178850877103176,19.243389924351114,8.507037001571273,21.0,1,1.7566100756488865,19.243389924351114,20.5,21.5
458.0,19.17929360581133,19.159510830202017,8.508039552566778,21.0,1,1.8404891697979835,19.159510830202017,20.5,21.5
459.0,19.179736521126916,19.300897225782467,8.50904141575037,21.0,1,1.6991027742175326,19.300897225782467,20.5,21.5
460.0,19.180179622758455,19.356602072007234,8.510042589765675,21.0,1,1.6433979279927655,19.356602072007234,20.5,21.5
461.0,19.180622910414126,19.359281098849294,8.511043073257245,21.0,1,1.6407189011507057,19.359281098849294,20.5,21.5
462.0,19.181066383801742,19.462442720012373,8.51204286487057,21.0,1,1.5375572799876274,19.462442720012373,20.5,21.5
463.0,19.181510042628766,19.523598100820944,8.513041963252082,21.0,1,1.4764018991790557,19.523598100820944,20.5,21.5
464.0,19.181953886602308,19.45940923582642,8.514040367049141,21.0,1,1.5405907641735794,19.45940923582642,20.5,21.5
465.0,19.182397915429124,19.550041775894435,8.515038074910054,21.0,1,1.4499582241055649,19.550041775894435,20.5,21.5
466.0,19.18284212881562,19.493641630515025,8.516035085484072,21.0,1,1.5063583694849747,19.493641630515025,20.5,21.5
467.0,19.183286526467842,19.454023787197933,8.517031397421384,21.0,1,1.545976212802067,19.454023787197933,20.5,21.5
468.0,19.183731108091493,19.430118170446384,8.51802700937313,21.0,1,1.5698818295536157,19.430118170446384,20.5,21.5
469.0,19.18417587339192,19.3813218624324,8.519021919991395,21.0,1,1.6186781375675992,19.3813218624324,20.5,21.5
470.0,19.18462082207412,19.36112141092308,8.520016127929216,21.0,1,1.6388785890769206,19.36112141092308,20.5,21.5
471.0,19.185065953842738,19.245502844530908,8.521009631840576,21.0,1,1.7544971554690925,19.245502844530908,20.5,21.5
472.0,19.18551126840207,19.268224587070016,8.522002430380418,21.0,1,1.7317754129299843,19.268224587070016,20.5,21.5
473.0,19.185956765456062,19.351666960961346,8.522994522204636,21.0,1,1.6483330390386541,19.351666960961346,20.5,21.5
474.0,19.18640244470831,19.398088081206055,8.523985905970079,21.0,1,1.6019119187939452,19.398088081206055,20.5,21.5
475.0,19.186848305862064,19.37257315779379,8.52497658033456,21.0,1,1.6274268422062086,19.37257315779379,20.5,21.5
476.0,19.18729434862022,19.477583254409666,8.525966543956848,21.0,1,1.5224167455903341,19.477583254409666,20.5,21.5
477.0,19.187740572685332,19.55551747135803,8.526955795496677,21.0,1,1.44448252864197,19.55551747135803,20.5,21.5
478.0,19.188186977759603,19.53552037702476,8.527944333614743,21.0,1,1.4644796229752401,19.53552037702476,20.5,21.5
479.0,19.188633563544887,19.550577234367346,8.52893215697271,21.0,1,1.4494227656326544,19.550577234367346,20.5,21.5
480.0,19.189080329742694,19.574268138789698,8.529919264233206,21.0,1,1.425731861210302,19.574268138789698,20.5,21.5
481.0,19.18952727605419,19.633006638124822,8.530905654059831,21.0,1,1.3669933618751777,19.633006638124822,20.5,21.5
482.0,19.18997440218019,19.585410665560286,8.531891325117158,21.0,1,1.4145893344397145,19.585410665560286,20.5,21.5
483.0,19.19042170782117,19.598939784346612,8.53287627607073,21.0,1,1.4010602156533878,19.598939784346612,20.5,21.5
484.0,19.19086919267725,19.600041095362343,8.533860505587066,21.0,1,1.399958904637657,19.600041095362343,20.5,21.5
485.0,19.19131685644822,19.55218447331264,8.534844012333664,21.0,1,1.4478155266873607,19.55218447331264,20.5,21.5
486.0,19.191764698833516,19.581824138059158,8.535826794978997,21.0,1,1.418175861940842,19.581824138059158,20.5,21.5
487.0,19.192212719532233,19.624431342765664,8.536808852192518,21.0,1,1.3755686572343357,19.624431342765664,20.5,21.5
488.0,19.19266091824312,19.67831791473288,8.537790182644667,21.0,1,1.3216820852671205,19.67831791473288,20.5,21.5
489.0,19.193109294664588,19.584733692847877,8.538770785006863,21.0,1,1.4152663071521232,19.584733692847877,20.5,21.5
490.0,19.193557848494702,19.556488149142005,8.539750657951513,21.0,1,1.4435118508579947,19.556488149142005,20.5,21.5
491.0,19.19400657943119,19.54575697408476,8.540729800152011,21.0,1,1.4542430259152397,19.54575697408476,20.5,21.5
492.0,19.194455487171428,19.477444424760456,8.54170821028274,21.0,1,1.5225555752395437,19.477444424760456,20.5,21.5
493.0,19.194904571412465,19.380731400241693,8.542685887019076,21.0,1,1.619268599758307,19.380731400241693,20.5,21.5
494.0,19.195353831851,19.402334321622156,8.543662829037384,21.0,1,1.5976656783778438,19.402334321622156,20.5,21.5
495.0,19.195803268183397,19.45567758517206,8.544639035015027,21.0,1,1.5443224148279384,19.45567758517206,20.5,21.5
496.0,19.196252880105675,19.39082871031967,8.545614503630365,21.0,1,1.6091712896803294,19.39082871031967,20.5,21.5
497.0,19.196702667313517,19.414467772169395,8.546589233562754,21.0,1,1.5855322278306048,19.414467772169395,20.5,21.5
498.0,19.197152629502266,19.4380477330432,8.547563223492551,21.0,1,1.5619522669568013,19.4380477330432,20.5,21.5
499.0,19.19760276636693,19.456514828380346,8.548536472101114,21.0,1,1.543485171619654,19.456514828380346,20.5,21.5
500.0,19.198053077602175,19.467384311531887,8.549508978070806,21.0,1,1.5326156884681126,19.467384311531887,20.5,21.5
501.0,19.19850356290233,19.47536181012973,8.550480740084996,21.0,1,1.52463818987027,19.47536181012973,20.5,21.5
502.0,19.198954221961394,19.412188913965313,8.551451756828058,21.0,1,1.5878110860346872,19.412188913965313,20.5,21.5
503.0,19.199405054473015,19.386699633410366,8.552422026985376,21.0,1,1.613300366589634,19.386699633410366,20.5,21.5
504.0,19.199856060130518,19.419988139095743,8.553391549243344,21.0,1,1.580011860904257,19.419988139095743,20.5,21.5
505.0,19.200307238626888,19.493040326331116,8.554360322289371,21.0,1,1.5069596736688844,19.493040326331116,20.5,21.5
506.0,19.200758589654775,19.569338892034743,8.55532834481188,21.0,1,1.430661107965257,19.569338892034743,20.5,21.5
507.0,19.201210112906494,19.459619336484344,8.556295615500305,21.0,1,1.5403806635156556,19.459619336484344,20.5,21.5
508.0,19.201661808074025,19.5035363982968,8.557262133045104,21.0,1,1.4964636017032014,19.5035363982968,20.5,21.5
509.0,19.202113674849016,19.502204493940834,8.558227896137753,21.0,1,1.4977955060591661,19.502204493940834,20.5,21.5
510.0,19.20256571292278,19.425224081677758,8.559192903470747,21.0,1,1.574775918322242,19.425224081677758,20.5,21.5
511.0,19.203017921986298,19.361396188145626,8.560157153737606,21.0,1,1.6386038118543738,19.361396188145626,20.5,21.5
512.0,19.203470301730214,19.526478278403026,8.561120645632878,21.0,1,1.473521721596974,19.526478278403026,20.5,21.5
513.0,19.203922851844847,19.408117807105054,8.562083377852131,21.0,1,1.5918821928949463,19.408117807105054,20.5,21.5
514.0,19.204375572020183,19.31863723254064,8.563045349091967,21.0,1,1.6813627674593583,19.31863723254064,20.5,21.5
515.0,19.204828461945873,19.341244928631475,8.564006558050014,21.0,1,1.6587550713685246,19.341244928631475,20.5,21.5
516.0,19.205281521311242,19.354750870136805,8.564967003424938,21.0,1,1.6452491298631955,19.354750870136805,20.5,21.5
517.0,19.20573474980528,19.26253692193728,8.565926683916432,21.0,1,1.7374630780627207,19.26253692193728,20.5,21.5
518.0,19.206188147116652,19.265785623114624,8.56688559822523,21.0,1,1.734214376885376,19.265785623114624,20.5,21.5
519.0,19.20664171293369,19.366914989520925,8.567843745053102,21.0,1,1.6330850104790748,19.366914989520925,20.5,21.5
520.0,19.207095446944393,19.28370227535637,8.568801123102851,21.0,1,1.7162977246436313,19.28370227535637,20.5,21.5
521.0,19.207549348836444,19.22554864981683,8.569757731078331,21.0,1,1.7744513501831705,19.22554864981683,20.5,21.5
522.0,19.208003418297192,19.288145523762847,8.570713567684432,21.0,1,1.7118544762371535,19.288145523762847,20.5,21.5
523.0,19.208457655013653,19.34708332745921,8.57166863162709,21.0,1,1.6529166725407904,19.34708332745921,20.5,21.5
524.0,19.208912058672524,19.38608438624277,8.572622921613283,21.0,1,1.6139156137572286,19.38608438624277,20.5,21.5
525.0,19.209366628960172,19.42637719018157,8.573576436351047,21.0,1,1.5736228098184313,19.42637719018157,20.5,21.5
526.0,19.209821365562636,19.384499121189073,8.574529174549456,21.0,1,1.615500878810927,19.384499121189073,20.5,21.5
527.0,19.210276268165632,19.42768025605831,8.575481134918643,21.0,1,1.5723197439416907,19.42768025605831,20.5,21.5
528.0,19.21073133645455,19.465937762535038,8.576432316169793,21.0,1,1.534062237464962,19.465937762535038,20.5,21.5
529.0,19.211186570114457,19.42634140620192,8.577382717015142,21.0,1,1.5736585937980792,19.42634140620192,20.5,21.5
530.0,19.21164196883009,19.422097768898215,8.578332336167987,21.0,1,1.5779022311017847,19.422097768898215,20.5,21.5
531.0,19.21209753228587,19.47649672293994,8.579281172342679,21.0,1,1.5235032770600583,19.47649672293994,20.5,21.5
532.0,19.21255326016589,19.3719832079367,8.580229224254632,21.0,1,1.628016792063299,19.3719832079367,20.5,21.5
533.0,19.21300915215392,19.335053764968634,8.581176490620324,21.0,1,1.6649462350313655,19.335053764968634,20.5,21.5
534.0,19.213465207933407,19.256790115935985,8.58212297015729,21.0,1,1.7432098840640151,19.256790115935985,20.5,21.5
535.0,19.213921427187483,19.346506456465512,8.583068661584134,21.0,1,1.6534935435344877,19.346506456465512,20.5,21.5
536.0,19.214377809598947,19.476914525645466,8.58401356362053,21.0,1,1.5230854743545343,19.476914525645466,20.5,21.5
537.0,19.214834354850286,19.561479049356024,8.584957674987216,21.0,1,1.4385209506439764,19.561479049356024,20.5,21.5
538.0,19.215291062623663,19.588007666723758,8.585900994406,21.0,1,1.4119923332762419,19.588007666723758,20.5,21.5
539.0,19.215747932600923,19.666488596133668,8.586843520599768,21.0,1,1.333511403866332,19.666488596133668,20.5,21.5
540.0,19.21620496446359,19.56587895834665,8.587785252292473,21.0,1,1.4341210416533485,19.56587895834665,20.5,21.5
541.0,19.216662157892866,19.407525036855468,8.588726188209149,21.0,1,1.5924749631445323,19.407525036855468,20.5,21.5
542.0,19.21711951256964,19.374780777648105,8.589666327075903,21.0,1,1.6252192223518946,19.374780777648105,20.5,21.5
543.0,19.217577028174475,19.356966650440523,8.590605667619926,21.0,1,1.6430333495594773,19.356966650440523,20.5,21.5
544.0,19.218034704387623,19.255761545604607,8.591544208569484,21.0,1,1.7442384543953935,19.255761545604607,20.5,21.5
545.0,19.218492540889017,19.280944271280227,8.59248194865393,21.0,1,1.7190557287197734,19.280944271280227,20.5,21.5
546.0,19.21895053735827,19.373493949012293,8.593418886603702,21.0,1,1.6265060509877074,19.373493949012293,20.5,21.5
547.0,19.219408693474687,19.34238856851767,8.594355021150317,21.0,1,1.65761143148233,19.34238856851767,20.5,21.5
548.0,19.219867008917245,19.344495861044045,8.59529035102639,21.0,1,1.6555041389559548,19.344495861044045,20.5,21.5
549.0,19.220325483364615,19.38773213374146,8.596224874965616,21.0,1,1.6122678662585415,19.38773213374146,20.5,21.5
550.0,19.22078411649515,19.345208699982262,8.597158591702787,21.0,1,1.654791300017738,19.345208699982262,20.5,21.5
551.0,19.221242907986884,19.238393243117315,8.598091499973783,21.0,1,1.761606756882685,19.238393243117315,20.5,21.5
552.0,19.221701857517548,19.273108532163917,8.599023598515586,21.0,1,1.726891467836083,19.273108532163917,20.5,21.5
553.0,19.222160964764548,19.310941475793445,8.599954886066266,21.0,1,1.6890585242065548,19.310941475793445,20.5,21.5
554.0,19.22262022940498,19.263614777428586,8.600885361364996,21.0,1,1.736385222571414,19.263614777428586,20.5,21.5
555.0,19.223079651115636,19.270728249567803,8.601815023152048,21.0,1,1.729271750432197,19.270728249567803,20.5,21.5
556.0,19.22353922957298,19.31288617325263,8.602743870168794,21.0,1,1.687113826747371,19.31288617325263,20.5,21.5
557.0,19.22399896445318,19.324853332419917,8.603671901157709,21.0,1,1.6751466675800835,19.324853332419917,20.5,21.5
558.0,19.224458855432083,19.258265968250527,8.604599114862374,21.0,1,1.7417340317494734,19.258265968250527,20.5,21.5
559.0,19.224918902185227,19.339316862341484,8.605525510027478,21.0,1,1.6606831376585163,19.339316862341484,20.5,21.5
560.0,19.22537910438784,19.365802140352564,8.606451085398813,21.0,1,1.6341978596474362,19.365802140352564,20.5,21.5
561.0,19.225839461714845,19.439969817971285,8.607375839723286,21.0,1,1.560030182028715,19.439969817971285,20.5,21.5
562.0,19.22629997384085,19.449083689297165,8.608299771748914,21.0,1,1.550916310702835,19.449083689297165,20.5,21.5
563.0,19.22676064044015,19.46344903621508,8.609222880224827,21.0,1,1.5365509637849186,19.46344903621508,20.5,21.5
564.0,19.227221461186748,19.434800437215145,8.610145163901267,21.0,1,1.565199562784855,19.434800437215145,20.5,21.5
565.0,19.227682435754318,19.46455966837716,8.6110666215296,21.0,1,1.5354403316228407,19.46455966837716,20.5,21.5
566.0,19.228143563816243,19.48980415669495,8.611987251862303,21.0,1,1.5101958433050484,19.48980415669495,20.5,21.5
567.0,19.22860484504559,19.536525693738607,8.612907053652977,21.0,1,1.4634743062613929,19.536525693738607,20.5,21.5
568.0,19.229066279115127,19.56073269624672,8.613826025656342,21.0,1,1.4392673037532795,19.56073269624672,20.5,21.5
569.0,19.229527865697307,19.532210442091998,8.614744166628247,21.0,1,1.4677895579080023,19.532210442091998,20.5,21.5
570.0,19.229989604464283,19.511317227296377,8.615661475325659,21.0,1,1.4886827727036227,19.511317227296377,20.5,21.5
571.0,19.2304514950879,19.5139221014224,8.616577950506676,21.0,1,1.4860778985776015,19.5139221014224,20.5,21.5
572.0,19.230913537239708,19.494947106003366,8.617493590930522,21.0,1,1.5050528939966341,19.494947106003366,20.5,21.5
573.0,19.231375730590937,19.49226471667907,8.618408395357553,21.0,1,1.5077352833209297,19.49226471667907,20.5,21.5
574.0,19.231838074812526,19.615385448269652,8.61932236254926,21.0,1,1.3846145517303476,19.615385448269652,20.5,21.5
575.0,19.232300569575106,19.630855161623078,8.62023549126826,21.0,1,1.369144838376922,19.630855161623078,20.5,21.5
576.0,19.232763214549003,19.592132065425368,8.62114778027831,21.0,1,1.4078679345746323,19.592132065425368,20.5,21.5
577.0,19.233226009404245,19.55989623948114,8.622059228344304,21.0,1,1.4401037605188591,19.55989623948114,20.5,21.5
578.0,19.233688953810557,19.636034319734392,8.622969834232272,21.0,1,1.3639656802656077,19.636034319734392,20.5,21.5
579.0,19.234152047437362,19.57810735149632,8.623879596709386,21.0,1,1.421892648503679,19.57810735149632,20.5,21.5
580.0,19.234615289953787,19.626396440186987,8.62478851454396,21.0,1,1.373603559813013,19.626396440186987,20.5,21.5
581.0,19.23507868102865,19.638653457440036,8.625696586505452,21.0,1,1.3613465425599642,19.638653457440036,20.5,21.5
582.0,19.235542220330476,19.621490000836484,8.626603811364461,21.0,1,1.3785099991635157,19.621490000836484,20.5,21.5
583.0,19.23600590752749,19.46466564316407,8.627510187892739,21.0,1,1.5353343568359286,19.46466564316407,20.5,21.5
584.0,19.23646974228761,19.46535443873962,8.62841571486318,21.0,1,1.5346455612603798,19.46535443873962,20.5,21.5
585.0,19.23693372427847,19.32641794716597,8.629320391049838,21.0,1,1.6735820528340284,19.32641794716597,20.5,21.5
586.0,19.237397853167394,19.33807304780988,8.630224215227907,21.0,1,1.6619269521901217,19.33807304780988,20.5,21.5
587.0,19.237862128621416,19.300915489372812,8.631127186173742,21.0,1,1.6990845106271877,19.300915489372812,20.5,21.5
588.0,19.238326550307267,19.33856346582206,8.63202930266485,21.0,1,1.6614365341779411,19.33856346582206,20.5,21.5
589.0,19.238791117891385,19.363902665975342,8.6329305634799,21.0,1,1.636097334024658,19.363902665975342,20.5,21.5
590.0,19.239255831039912,19.463916295918416,8.63383096739871,21.0,1,1.5360837040815838,19.463916295918416,20.5,21.5
591.0,19.2397206894187,19.413464164217217,8.634730513202268,21.0,1,1.586535835782783,19.413464164217217,20.5,21.5
592.0,19.240185692693295,19.41351963551257,8.635629199672717,21.0,1,1.5864803644874286,19.41351963551257,20.5,21.5
593.0,19.240650840528954,19.45997441647777,8.636527025593367,21.0,1,1.5400255835222296,19.45997441647777,20.5,21.5
594.0,19.24111613259064,19.3701735460783,8.63742398974869,21.0,1,1.6298264539217016,19.3701735460783,20.5,21.5
595.0,19.241581568543026,19.27538972478822,8.638320090924328,21.0,1,1.7246102752117807,19.27538972478822,20.5,21.5
596.0,19.242047148050485,19.261938706361526,8.63921532790709,21.0,1,1.7380612936384736,19.261938706361526,20.5,21.5
597.0,19.242512870777105,19.275479908795795,8.640109699484956,21.0,1,1.7245200912042051,19.275479908795795,20.5,21.5
598.0,19.242978736386675,19.282091227214046,8.641003204447074,21.0,1,1.7179087727859539,19.282091227214046,20.5,21.5
599.0,19.243444744542696,19.37337127235927,8.641895841583768,21.0,1,1.6266287276407283,19.37337127235927,20.5,21.5
600.0,19.243910894908378,19.47156181368804,8.64278760968654,21.0,1,1.5284381863119592,19.47156181368804,20.5,21.5
601.0,19.244377187146636,19.461722306361082,8.643678507548062,21.0,1,1.5382776936389178,19.461722306361082,20.5,21.5
602.0,19.244843620920104,19.454061382641633,8.644568533962186,21.0,1,1.5459386173583667,19.454061382641633,20.5,21.5
603.0,19.24531019589112,19.447615244207554,8.645457687723951,21.0,1,1.5523847557924455,19.447615244207554,20.5,21.5
604.0,19.24577691172173,19.38717356868458,8.646345967629566,21.0,1,1.612826431315419,19.38717356868458,20.5,21.5
605.0,19.2462437680737,19.34745888459306,8.647233372476432,21.0,1,1.6525411154069403,19.34745888459306,20.5,21.5
606.0,19.2467107646085,19.44494807738671,8.648119901063131,21.0,1,1.5550519226132913,19.44494807738671,20.5,21.5
607.0,19.24717790098732,19.460797709338628,8.649005552189431,21.0,1,1.5392022906613718,19.460797709338628,20.5,21.5
608.0,19.247645176871053,19.46525113531097,8.649890324656289,21.0,1,1.5347488646890284,19.46525113531097,20.5,21.5
609.0,19.248112591920314,19.466015284901697,8.650774217265852,21.0,1,1.5339847150983026,19.466015284901697,20.5,21.5
610.0,19.24858014579543,19.50944852165072,8.651657228821456,21.0,1,1.4905514783492784,19.50944852165072,20.5,21.5
611.0,19.24904783815644,19.496207269719406,8.652539358127632,21.0,1,1.503792730280594,19.496207269719406,20.5,21.5
612.0,19.249515668663097,19.529345074263592,8.653420603990105,21.0,1,1.470654925736408,19.529345074263592,20.5,21.5
613.0,19.24998363697487,19.55481938195099,8.654300965215796,21.0,1,1.4451806180490117,19.55481938195099,20.5,21.5
614.0,19.25045174275095,19.597589639469547,8.655180440612826,21.0,1,1.4024103605304532,19.597589639469547,20.5,21.5
615.0,19.25091998565024,19.55881760442744,8.656059028990507,21.0,1,1.441182395572561,19.55881760442744,20.5,21.5
616.0,19.25138836533135,19.50730345610009,8.656936729159362,21.0,1,1.4926965438999105,19.50730345610009,20.5,21.5
617.0,19.25185688145263,19.565383719637257,8.657813539931112,21.0,1,1.434616280362743,19.565383719637257,20.5,21.5
618.0,19.25232553367212,19.47833923996127,8.65868946011868,21.0,1,1.5216607600387313,19.47833923996127,20.5,21.5
619.0,19.252794321647603,19.528384996232138,8.6595644885362,21.0,1,1.4716150037678624,19.528384996232138,20.5,21.5
620.0,19.253263245036564,19.548406293444792,8.660438623999008,21.0,1,1.451593706555208,19.548406293444792,20.5,21.5
621.0,19.253732303496218,19.49356289366649,8.661311865323652,21.0,1,1.506437106333511,19.49356289366649,20.5,21.5
622.0,19.254201496683493,19.332355314078722,8.66218421132789,21.0,1,1.6676446859212781,19.332355314078722,20.5,21.5
623.0,19.25467082425504,19.491657240720176,8.663055660830691,21.0,1,1.5083427592798238,19.491657240720176,20.5,21.5
624.0,19.25514028586723,19.3025853535729,8.663926212652242,21.0,1,1.6974146464270987,19.3025853535729,20.5,21.5
625.0,19.25560988117616,19.298566230959498,8.664795865613938,21.0,1,1.7014337690405021,19.298566230959498,20.5,21.5
626.0,19.256079609837638,19.290689399387123,8.665664618538397,21.0,1,1.709310600612877,19.290689399387123,20.5,21.5
627.0,19.256549471507206,19.39445197190853,8.666532470249452,21.0,1,1.6055480280914693,19.39445197190853,20.5,21.5
628.0,19.25701946584012,19.385143855926263,8.66739941957216,21.0,1,1.6148561440737375,19.385143855926263,20.5,21.5
629.0,19.257489592491364,19.55579579914541,8.668265465332794,21.0,1,1.444204200854589,19.55579579914541,20.5,21.5
630.0,19.257959851115643,19.583213759509025,8.66913060635886,21.0,1,1.4167862404909748,19.583213759509025,20.5,21.5
631.0,19.258430241367392,19.63743487053326,8.669994841479072,21.0,1,1.3625651294667414,19.63743487053326,20.5,21.5
632.0,19.258900762900762,19.617898486740856,8.67085816952339,21.0,1,1.382101513259144,19.617898486740856,20.5,21.5
633.0,19.259371415369635,19.539720160859172,8.671720589322991,21.0,1,1.4602798391408278,19.539720160859172,20.5,21.5
634.0,19.25984219842762,19.50223538461926,8.67258209971028,21.0,1,1.4977646153807385,19.50223538461926,20.5,21.5
635.0,19.26031311172805,19.511076714525533,8.673442699518901,21.0,1,1.488923285474467,19.511076714525533,20.5,21.5
636.0,19.26078415492398,19.538708331106534,8.674302387583724,21.0,1,1.461291668893466,19.538708331106534,20.5,21.5
637.0,19.2612553276682,19.527397445028384,8.675161162740856,21.0,1,1.4726025549716155,19.527397445028384,20.5,21.5
638.0,19.26172662961322,19.49157688416465,8.676019023827642,21.0,1,1.508423115835349,19.49157688416465,20.5,21.5
639.0,19.262198060411293,19.486095774877054,8.67687596968266,21.0,1,1.5139042251229462,19.486095774877054,20.5,21.5
640.0,19.262669619714384,19.4021988673489,8.677731999145733,21.0,1,1.5978011326510995,19.4021988673489,20.5,21.5
641.0,19.263141307174195,19.346247140172416,8.678587111057917,21.0,1,1.6537528598275841,19.346247140172416,20.5,21.5
642.0,19.263613122442155,19.404574523683646,8.679441304261516,21.0,1,1.595425476316354,19.404574523683646,20.5,21.5
643.0,19.26408506516943,19.325032641358337,8.680294577600078,21.0,1,1.6749673586416627,19.325032641358337,20.5,21.5
644.0,19.264557135006907,19.33272292004806,8.681146929918393,21.0,1,1.6672770799519405,19.33272292004806,20.5,21.5
645.0,19.26502933160521,19.405358007330662,8.681998360062499,21.0,1,1.594641992669338,19.405358007330662,20.5,21.5
646.0,19.265501654614695,19.508547680983902,8.682848866879683,21.0,1,1.4914523190160978,19.508547680983902,20.5,21.5
647.0,19.26597410368545,19.42335157907615,8.683698449218484,21.0,1,1.5766484209238492,19.42335157907615,20.5,21.5
648.0,19.266446678467297,19.473485108748747,8.684547105928688,21.0,1,1.526514891251253,19.473485108748747,20.5,21.5
649.0,19.266919378609785,19.479556000108083,8.68539483586134,21.0,1,1.520443999891917,19.479556000108083,20.5,21.5
650.0,19.267392203762203,19.459107249198475,8.686241637868733,21.0,1,1.5408927508015253,19.459107249198475,20.5,21.5
651.0,19.26786515357357,19.47327405571199,8.687087510804423,21.0,1,1.5267259442880103,19.47327405571199,20.5,21.5
652.0,19.26833822769265,19.607051927103516,8.687932453523219,21.0,1,1.392948072896484,19.607051927103516,20.5,21.5
653.0,19.268811425767925,19.638476550570015,8.68877646488119,21.0,1,1.3615234494299848,19.638476550570015,20.5,21.5
654.0,19.269284747447628,19.696358794430957,8.68961954373567,21.0,1,1.3036412055690434,19.696358794430957,20.5,21.5
655.0,19.269758192379726,19.70476715163433,8.69046168894525,21.0,1,1.2952328483656714,19.70476715163433,20.5,21.5
656.0,19.270231760211914,19.54698482558294,8.691302899369788,21.0,1,1.453015174417061,19.54698482558294,20.5,21.5
657.0,19.270705450591635,19.396880287063226,8.692143173870408,21.0,1,1.603119712936774,19.396880287063226,20.5,21.5
658.0,19.27117926316606,19.40341436548012,8.692982511309497,21.0,1,1.5965856345198794,19.40341436548012,20.5,21.5
659.0,19.271653197582108,19.290642499255842,8.693820910550718,21.0,1,1.709357500744158,19.290642499255842,20.5,21.5
660.0,19.27212725348643,19.337892155761722,8.694658370458997,21.0,1,1.6621078442382782,19.337892155761722,20.5,21.5
661.0,19.272601430525423,19.446249904926308,8.695494889900537,21.0,1,1.553750095073692,19.446249904926308,20.5,21.5
662.0,19.273075728345216,19.461307882058776,8.69633046774281,21.0,1,1.538692117941224,19.461307882058776,20.5,21.5
663.0,19.27355014659168,19.567163627702463,8.697165102854564,21.0,1,1.4328363722975368,19.567163627702463,20.5,21.5
664.0,19.274024684910437,19.69549088435806,8.697998794105827,21.0,1,1.3045091156419417,19.69549088435806,20.5,21.5
665.0,19.274499342946836,19.68683623988094,8.6988315403679,21.0,1,1.3131637601190604,19.68683623988094,20.5,21.5
666.0,19.274974120345977,19.6329256608061,8.699663340513366,21.0,1,1.3670743391938984,19.6329256608061,20.5,21.5
667.0,19.2754490167527,19.667287076982408,8.700494193416086,21.0,1,1.332712923017592,19.667287076982408,20.5,21.5
668.0,19.275924031811588,19.65154060277483,8.70132409795121,21.0,1,1.3484593972251702,19.65154060277483,20.5,21.5
669.0,19.276399165166968,19.596254592546437,8.702153052995163,21.0,1,1.4037454074535631,19.596254592546437,20.5,21.5
670.0,19.27687441646291,19.625301786606975,8.702981057425662,21.0,1,1.3746982133930246,19.625301786606975,20.5,21.5
671.0,19.27734978534323,19.658612746070958,8.70380811012171,21.0,1,1.3413872539290423,19.658612746070958,20.5,21.5
672.0,19.27782527145149,19.636487565865508,8.704634209963595,21.0,1,1.363512434134492,19.636487565865508,20.5,21.5
673.0,19.278300874430993,19.534834506419365,8.7054593558329,21.0,1,1.4651654935806349,19.534834506419365,20.5,21.5
674.0,19.278776593924793,19.46694028130098,8.706283546612495,21.0,1,1.5330597186990182,19.46694028130098,20.5,21.5
675.0,19.27925242957569,19.39151623738093,8.707106781186548,21.0,1,1.6084837626190698,19.39151623738093,20.5,21.5
676.0,19.279728381026224,19.437154308370147,8.707929058440516,21.0,1,1.5628456916298532,19.437154308370147,20.5,21.5
677.0,19.280204447918695,19.513043000208928,8.708750377261156,21.0,1,1.4869569997910723,19.513043000208928,20.5,21.5
678.0,19.280680629895144,19.555040085384668,8.70957073653652,21.0,1,1.4449599146153318,19.555040085384668,20.5,21.5
679.0,19.281156926597358,19.66067435174663,8.710390135155963,21.0,1,1.3393256482533715,19.66067435174663,20.5,21.5
680.0,19.28163333766688,19.556012725187436,8.711208572010138,21.0,1,1.4439872748125637,19.556012725187436,20.5,21.5
681.0,19.282109862744992,19.467733612709345,8.712026045990996,21.0,1,1.5322663872906546,19.467733612709345,20.5,21.5
682.0,19.28258650147274,19.386500881771713,8.7128425559918,21.0,1,1.6134991182282867,19.386500881771713,20.5,21.5
683.0,19.283063253490912,19.351908070007195,8.713658100907113,21.0,1,1.6480919299928054,19.351908070007195,20.5,21.5
684.0,19.28354011844005,19.184646558574876,8.714472679632804,21.0,1,1.815353441425124,19.184646558574876,20.5,21.5
685.0,19.284017095960447,19.302117802163657,8.715286291066052,21.0,1,1.6978821978363428,19.302117802163657,20.5,21.5
686.0,19.28449418569215,19.363049032758656,8.716098934105345,21.0,1,1.6369509672413436,19.363049032758656,20.5,21.5
687.0,19.284971387274954,19.377229768975063,8.716910607650483,21.0,1,1.622770231024937,19.377229768975063,20.5,21.5
688.0,19.28544870034841,19.4147008499127,8.717721310602577,21.0,1,1.5852991500873017,19.4147008499127,20.5,21.5
689.0,19.28592612455183,19.568946725117797,8.718531041864052,21.0,1,1.4310532748822027,19.568946725117797,20.5,21.5
690.0,19.286403659524264,19.445471798566594,8.719339800338652,21.0,1,1.5545282014334063,19.445471798566594,20.5,21.5
691.0,19.286881304904536,19.347104422982888,8.720147584931432,21.0,1,1.6528955770171123,19.347104422982888,20.5,21.5
692.0,19.287359060331212,19.376973926848628,8.72095439454877,21.0,1,1.6230260731513724,19.376973926848628,20.5,21.5
693.0,19.28783692544262,19.336620530715493,8.721760228098361,21.0,1,1.6633794692845072,19.336620530715493,20.5,21.5
694.0,19.288314899876838,19.244973386156367,8.722565084489228,21.0,1,1.7550266138436328,19.244973386156367,20.5,21.5
695.0,19.28879298327171,19.32683882856337,8.723368962631708,21.0,1,1.6731611714366288,19.32683882856337,20.5,21.5
696.0,19.28927117526483,19.383689724395655,8.724171861437467,21.0,1,1.616310275604345,19.383689724395655,20.5,21.5
697.0,19.289749475493554,19.331427669460616,8.724973779819498,21.0,1,1.6685723305393836,19.331427669460616,20.5,21.5
698.0,19.290227883594998,19.36008596461931,8.725774716692118,21.0,1,1.6399140353806914,19.36008596461931,20.5,21.5
699.0,19.29070639920603,19.39534482734488,8.726574670970976,21.0,1,1.6046551726551215,19.39534482734488,20.5,21.5
700.0,19.291185021963287,19.510487339921724,8.727373641573049,21.0,1,1.489512660078276,19.510487339921724,20.5,21.5
701.0,19.291663751503158,19.466931681823958,8.728171627416646,21.0,1,1.533068318176042,19.466931681823958,20.5,21.5
702.0,19.292142587461797,19.535129328278032,8.72896862742141,21.0,1,1.4648706717219682,19.535129328278032,20.5,21.5
703.0,19.292621529475117,19.462101309902557,8.729764640508321,21.0,1,1.5378986900974425,19.462101309902557,20.5,21.5
704.0,19.293100577178794,19.49285801206218,8.73055966559969,21.0,1,1.5071419879378212,19.49285801206218,20.5,21.5
705.0,19.29357973020827,19.419239331500815,8.73135370161917,21.0,1,1.5807606684991846,19.419239331500815,20.5,21.5
706.0,19.29405898819874,19.492012150653704,8.73214674749175,21.0,1,1.5079878493462964,19.492012150653704,20.5,21.5
707.0,19.29453835078517,19.3974710557585,8.732938802143762,21.0,1,1.6025289442414987,19.3974710557585,20.5,21.5
708.0,19.29501781760229,19.45805337371247,8.733729864502877,21.0,1,1.5419466262875297,19.45805337371247,20.5,21.5
709.0,19.29549738828459,19.48737477448512,8.734519933498111,21.0,1,1.5126252255148813,19.48737477448512,20.5,21.5
710.0,19.295977062466328,19.46929352106623,8.73530900805983,21.0,1,1.5307064789337694,19.46929352106623,20.5,21.5
711.0,19.296456839781527,19.50453144534129,8.736097087119735,21.0,1,1.4954685546587108,19.50453144534129,20.5,21.5
712.0,19.29693671986397,19.596017724126725,8.736884169610883,21.0,1,1.4039822758732754,19.596017724126725,20.5,21.5
713.0,19.29741670234722,19.670638150714886,8.737670254467682,21.0,1,1.3293618492851138,19.670638150714886,20.5,21.5
714.0,19.297896786864595,19.588299041343365,8.738455340625883,21.0,1,1.4117009586566347,19.588299041343365,20.5,21.5
715.0,19.29837697304918,19.588227043224027,8.739239427022596,21.0,1,1.4117729567759731,19.588227043224027,20.5,21.5
716.0,19.298857260533836,19.61037688704959,8.74002251259628,21.0,1,1.3896231129504102,19.61037688704959,20.5,21.5
717.0,19.29933764895119,19.657474770541317,8.74080459628675,21.0,1,1.3425252294586834,19.657474770541317,20.5,21.5
718.0,19.299818137933634,19.576169625964955,8.741585677035179,21.0,1,1.4238303740350453,19.576169625964955,20.5,21.5
719.0,19.300298727113336,19.5799001750428,8.742365753784098,21.0,1,1.4200998249572017,19.5799001750428,20.5,21.5
720.0,19.300779416122225,19.58711035932442,8.743144825477394,21.0,1,1.41288964067558,19.58711035932442,20.5,21.5
721.0,19.301260204592012,19.489424383201943,8.743922891060318,21.0,1,1.5105756167980573,19.489424383201943,20.5,21.5
722.0,19.301741092154167,19.430383176942513,8.744699949479482,21.0,1,1.569616823057487,19.430383176942513,20.5,21.5
723.0,19.302222078439943,19.43993771279379,8.745475999682862,21.0,1,1.560062287206211,19.43993771279379,20.5,21.5
724.0,19.302703163080356,19.48700689975863,8.746251040619798,21.0,1,1.5129931002413706,19.48700689975863,20.5,21.5
725.0,19.303184345706203,19.495937775054397,8.747025071240996,21.0,1,1.5040622249456028,19.495937775054397,20.5,21.5
726.0,19.30366562594805,19.565702493510877,8.747798090498533,21.0,1,1.4342975064891235,19.565702493510877,20.5,21.5
727.0,19.30414700343623,19.647369999212337,8.74857009734585,21.0,1,1.3526300007876628,19.647369999212337,20.5,21.5
728.0,19.30462847780087,19.634212347655637,8.749341090737763,21.0,1,1.3657876523443626,19.634212347655637,20.5,21.5
729.0,19.305110048671846,19.632396574199323,8.75011106963046,21.0,1,1.3676034258006773,19.632396574199323,20.5,21.5
730.0,19.305591715678833,19.644583104176142,8.750880032981499,21.0,1,1.3554168958238577,19.644583104176142,20.5,21.5
731.0,19.306073478451268,19.592130680064244,8.751647979749817,21.0,1,1.407869319935756,19.592130680064244,20.5,21.5
732.0,19.306555336618366,19.514902483546223,8.752414908895725,21.0,1,1.4850975164537772,19.514902483546223,20.5,21.5
733.0,19.307037289809127,19.59660057463122,8.75318081938091,21.0,1,1.4033994253687787,19.59660057463122,20.5,21.5
734.0,19.307519337652316,19.605285336587208,8.753945710168443,21.0,1,1.3947146634127918,19.605285336587208,20.5,21.5
735.0,19.30800147977649,19.600474521871906,8.754709580222771,21.0,1,1.3995254781280941,19.600474521871906,20.5,21.5
736.0,19.30848371580997,19.61652802293775,8.755472428509727,21.0,1,1.38347197706225,19.61652802293775,20.5,21.5
737.0,19.30896604538087,19.62741658771878,8.756234253996523,21.0,1,1.3725834122812195,19.62741658771878,20.5,21.5
738.0,19.309448468117075,19.54985095394432,8.756995055651757,21.0,1,1.4501490460556816,19.54985095394432,20.5,21.5
739.0,19.309930983646254,19.527770737702255,8.757754832445414,21.0,1,1.4722292622977449,19.527770737702255,20.5,21.5
740.0,19.310413591595854,19.52812772764228,8.758513583348869,21.0,1,1.4718722723577216,19.52812772764228,20.5,21.5
741.0,19.310896291593103,19.573791031986225,8.759271307334881,21.0,1,1.4262089680137748,19.573791031986225,20.5,21.5
742.0,19.311379083265017,19.539809351258285,8.760028003377602,21.0,1,1.4601906487417153,19.539809351258285,20.5,21.5
743.0,19.31186196623839,19.441962328866747,8.760783670452575,21.0,1,1.5580376711332526,19.441962328866747,20.5,21.5
744.0,19.312344940139795,19.472232960044188,8.761538307536737,21.0,1,1.5277670399558119,19.472232960044188,20.5,21.5
745.0,19.312828004595595,19.40109490853667,8.762291913608419,21.0,1,1.5989050914633296,19.40109490853667,20.5,21.5
746.0,19.313311159231933,19.309160145104915,8.763044487647345,21.0,1,1.690839854895085,19.309160145104915,20.5,21.5
747.0,19.313794403674738,19.407252531094283,8.763796028634642,21.0,1,1.592747468905717,19.407252531094283,20.5,21.5
748.0,19.314277737549723,19.405588344193838,8.764546535552832,21.0,1,1.5944116558061623,19.405588344193838,20.5,21.5
749.0,19.31476116048239,19.251453134575907,8.765296007385835,21.0,1,1.7485468654240925,19.251453134575907,20.5,21.5
750.0,19.315244672098025,19.233521026070935,8.766044443118979,21.0,1,1.7664789739290647,19.233521026070935,20.5,21.5
751.0,19.315728272021698,19.260293547751083,8.766791841738986,21.0,1,1.7397064522489174,19.260293547751083,20.5,21.5
752.0,19.31621195987827,19.23747211949688,8.767538202233988,21.0,1,1.7625278805031215,19.23747211949688,20.5,21.5
753.0,19.316695735292388,19.356082359586676,8.768283523593523,21.0,1,1.6439176404133242,19.356082359586676,20.5,21.5
754.0,19.31717959788849,19.52167493679324,8.769027804808532,21.0,1,1.4783250632067606,19.52167493679324,20.5,21.5
755.0,19.317663547290795,19.551460060528893,8.769771044871367,21.0,1,1.4485399394711074,19.551460060528893,20.5,21.5
756.0,19.318147583123324,19.616768198482433,8.77051324277579,21.0,1,1.3832318015175673,19.616768198482433,20.5,21.5
757.0,19.318631705009874,19.534649068220048,8.77125439751697,21.0,1,1.4653509317799518,19.534649068220048,20.5,21.5
758.0,19.319115912574045,19.547133973347933,8.77199450809149,21.0,1,1.4528660266520674,19.547133973347933,20.5,21.5
759.0,19.31960020543922,19.506731904591987,8.772733573497352,21.0,1,1.4932680954080126,19.506731904591987,20.5,21.5
760.0,19.32008458322857,19.552065759188174,8.773471592733964,21.0,1,1.4479342408118256,19.552065759188174,20.5,21.5
761.0,19.320569045565072,19.510303052548984,8.774208564802159,21.0,1,1.4896969474510158,19.510303052548984,20.5,21.5
762.0,19.321053592071486,19.51393508061937,8.774944488704179,21.0,1,1.486064919380631,19.51393508061937,20.5,21.5
763.0,19.321538222370364,19.470839537573934,8.775679363443695,21.0,1,1.5291604624260664,19.470839537573934,20.5,21.5
764.0,19.322022936084057,19.476289967179508,8.776413188025789,21.0,1,1.5237100328204924,19.476289967179508,20.5,21.5
765.0,19.322507732834705,19.44507493437125,8.77714596145697,21.0,1,1.5549250656287512,19.44507493437125,20.5,21.5
766.0,19.322992612244246,19.392104600015482,8.77787768274517,21.0,1,1.6078953999845176,19.392104600015482,20.5,21.5
767.0,19.32347757393441,19.40255480956646,8.778608350899745,21.0,1,1.5974451904335396,19.40255480956646,20.5,21.5
768.0,19.323962617526732,19.470760425238574,8.779337964931473,21.0,1,1.5292395747614265,19.470760425238574,20.5,21.5
769.0,19.324447742642533,19.52513192123363,8.780066523852566,21.0,1,1.4748680787663702,19.52513192123363,20.5,21.5
770.0,19.324932948902937,19.46144957985227,8.78079402667666,21.0,1,1.538550420147729,19.46144957985227,20.5,21.5
771.0,19.32541823592886,19.423728720550884,8.78152047241882,21.0,1,1.5762712794491165,19.423728720550884,20.5,21.5
772.0,19.325903603341025,19.458914067740437,8.782245860095543,21.0,1,1.5410859322595627,19.458914067740437,20.5,21.5
773.0,19.326389050759943,19.471172003616296,8.782970188724763,21.0,1,1.5288279963837041,19.471172003616296,20.5,21.5
774.0,19.32687457780593,19.412144210927345,8.783693457325839,21.0,1,1.5878557890726555,19.412144210927345,20.5,21.5
775.0,19.327360184099106,19.55898462995379,8.784415664919576,21.0,1,1.441015370046209,19.55898462995379,20.5,21.5
776.0,19.32784586925938,19.635767870614924,8.785136810528206,21.0,1,1.3642321293850763,19.635767870614924,20.5,21.5
777.0,19.32833163290647,19.61507722216255,8.785856893175401,21.0,1,1.384922777837449,19.61507722216255,20.5,21.5
778.0,19.328817474659893,19.57520778548354,8.786575911886278,21.0,1,1.4247922145164615,19.57520778548354,20.5,21.5
779.0,19.329303394138968,19.69835309113548,8.787293865687387,21.0,1,1.3016469088645195,19.69835309113548,20.5,21.5
780.0,19.329789390962816,19.65655734162585,8.788010753606722,21.0,1,1.3434426583741512,19.65655734162585,20.5,21.5
781.0,19.330275464750365,19.684956622582757,8.788726574673722,21.0,1,1.3150433774172434,19.684956622582757,20.5,21.5
782.0,19.330761615120338,19.663366592330153,8.789441327919269,21.0,1,1.3366334076698472,19.663366592330153,20.5,21.5
783.0,19.33124784169127,19.70678437340565,8.79015501237569,21.0,1,1.2932156265943497,19.70678437340565,20.5,21.5
784.0,19.331734144081498,19.624821321757285,8.79086762707676,21.0,1,1.3751786782427153,19.624821321757285,20.5,21.5
785.0,19.332220521909164,19.640219051747046,8.791579171057704,21.0,1,1.3597809482529541,19.640219051747046,20.5,21.5
786.0,19.332706974792213,19.727859582492776,8.79228964335519,21.0,1,1.2721404175072237,19.727859582492776,20.5,21.5
787.0,19.3331935023484,19.719604380069313,8.792999043007345,21.0,1,1.2803956199306867,19.719604380069313,20.5,21.5
788.0,19.333680104195288,19.58734046532763,8.793707369053745,21.0,1,1.4126595346723683,19.58734046532763,20.5,21.5
789.0,19.33416677995024,19.55866469402612,8.794414620535418,21.0,1,1.4413353059738796,19.55866469402612,20.5,21.5
790.0,19.334653529230437,19.471992145200566,8.795120796494848,21.0,1,1.5280078547994336,19.471992145200566,20.5,21.5
791.0,19.335140351652857,19.452947790378566,8.795825895975975,21.0,1,1.5470522096214339,19.452947790378566,20.5,21.5
792.0,19.3356272468343,19.43747368047916,8.796529918024197,21.0,1,1.5625263195208383,19.43747368047916,20.5,21.5
793.0,19.336114214391362,19.505583794053997,8.79723286168637,21.0,1,1.4944162059460027,19.505583794053997,20.5,21.5
794.0,19.33660125394046,19.581349166649666,8.797934726010809,21.0,1,1.418650833350334,19.581349166649666,20.5,21.5
795.0,19.33708836509782,19.693607577672395,8.798635510047292,21.0,1,1.3063924223276047,19.693607577672395,20.5,21.5
796.0,19.33757554747947,19.553133669785563,8.799335212847062,21.0,1,1.4468663302144371,19.553133669785563,20.5,21.5
797.0,19.33806280070126,19.651358542774638,8.80003383346282,21.0,1,1.3486414572253622,19.651358542774638,20.5,21.5
798.0,19.338550124378845,19.628759693091553,8.800731370948734,21.0,1,1.3712403069084473,19.628759693091553,20.5,21.5
799.0,19.3390375181277,19.519029438824205,8.801427824360442,21.0,1,1.4809705611757948,19.519029438824205,20.5,21.5
800.0,19.339524981563113,19.45483699973982,8.802123192755044,21.0,1,1.5451630002601817,19.45483699973982,20.5,21.5
801.0,19.340012514300177,19.47079871271739,8.802817475191114,21.0,1,1.5292012872826106,19.47079871271739,20.5,21.5
802.0,19.34050011595381,19.42942113904295,8.803510670728695,21.0,1,1.570578860957049,19.42942113904295,20.5,21.5
803.0,19.340987786138733,19.539593578025148,8.8042027784293,21.0,1,1.4604064219748523,19.539593578025148,20.5,21.5
804.0,19.341475524469498,19.560338358087442,8.804893797355914,21.0,1,1.4396616419125579,19.560338358087442,20.5,21.5
805.0,19.34196333056046,19.718545875561354,8.805583726573,21.0,1,1.2814541244386461,19.718545875561354,20.5,21.5
806.0,19.3424512040258,19.766457409580084,8.806272565146491,21.0,1,1.2335425904199155,19.766457409580084,20.5,21.5
807.0,19.342939144479505,19.7901001682833,8.806960312143802,21.0,1,1.209899831716701,19.7901001682833,20.5,21.5
808.0,19.343427151535394,19.746724254973582,8.807646966633822,21.0,1,1.2532757450264178,19.746724254973582,20.5,21.5
809.0,19.343915224807095,19.766066188568555,8.80833252768692,21.0,1,1.233933811431445,19.766066188568555,20.5,21.5
810.0,19.344403363908054,19.60194085108444,8.809016994374947,21.0,1,1.3980591489155607,19.60194085108444,20.5,21.5
811.0,19.344891568451544,19.58205423488176,8.809700365771233,21.0,1,1.4179457651182403,19.58205423488176,20.5,21.5
812.0,19.34537983805065,19.55404919879445,8.810382640950595,21.0,1,1.4459508012055515,19.55404919879445,20.5,21.5
813.0,19.345868172318283,19.47120366395395,8.811063818989327,21.0,1,1.5287963360460495,19.47120366395395,20.5,21.5
814.0,19.346356570867172,19.537294211729282,8.811743898965215,21.0,1,1.4627057882707177,19.537294211729282,20.5,21.5
815.0,19.346845033309872,19.582786082068505,8.812422879957529,21.0,1,1.4172139179314946,19.582786082068505,20.5,21.5
816.0,19.347333559258754,19.646641625962484,8.813100761047028,21.0,1,1.3533583740375157,19.646641625962484,20.5,21.5
817.0,19.347822148326017,19.648671465959165,8.813777541315957,21.0,1,1.3513285340408352,19.648671465959165,20.5,21.5
818.0,19.34831080012368,19.777829968781834,8.814453219848057,21.0,1,1.222170031218166,19.777829968781834,20.5,21.5
819.0,19.34879951426359,19.658390280298093,8.815127795728554,21.0,1,1.341609719701907,19.658390280298093,20.5,21.5
820.0,19.34928829035741,19.67963020429617,8.815801268044172,21.0,1,1.3203697957038294,19.67963020429617,20.5,21.5
821.0,19.34977712801664,19.69101703881693,8.816473635883126,21.0,1,1.3089829611830694,19.69101703881693,20.5,21.5
822.0,19.350266026852594,19.721071844295334,8.817144898335128,21.0,1,1.2789281557046657,19.721071844295334,20.5,21.5
823.0,19.35075498647642,19.773770890818927,8.817815054491387,21.0,1,1.226229109181073,19.773770890818927,20.5,21.5
824.0,19.351244006499094,19.81208883891428,8.818484103444606,21.0,1,1.1879111610857187,19.81208883891428,20.5,21.5
825.0,19.35173308653141,19.774119121763455,8.819152044288991,21.0,1,1.225880878236545,19.774119121763455,20.5,21.5
826.0,19.352222226183997,19.726087904446146,8.819818876120248,21.0,1,1.2739120955538539,19.726087904446146,20.5,21.5
827.0,19.35271142506731,19.75495409478276,8.820484598035582,21.0,1,1.2450459052172391,19.75495409478276,20.5,21.5
828.0,19.35320068279163,19.58185062308044,8.821149209133704,21.0,1,1.4181493769195583,19.58185062308044,20.5,21.5
829.0,19.353689998967077,19.58206436612587,8.821812708514825,21.0,1,1.41793563387413,19.58206436612587,20.5,21.5
830.0,19.354179373203593,19.553170795865277,8.822475095280662,21.0,1,1.4468292041347226,19.553170795865277,20.5,21.5
831.0,19.35466880511095,19.514401873499686,8.823136368534442,21.0,1,1.4855981265003138,19.514401873499686,20.5,21.5
832.0,19.355158294298757,19.525900521359745,8.823796527380896,21.0,1,1.4740994786402553,19.525900521359745,20.5,21.5
833.0,19.355647840376452,19.555719965103275,8.824455570926263,21.0,1,1.4442800348967246,19.555719965103275,20.5,21.5
834.0,19.3561374429533,19.533282959575413,8.825113498278295,21.0,1,1.4667170404245873,19.533282959575413,20.5,21.5
835.0,19.35662710163841,19.576036548679642,8.825770308546254,21.0,1,1.4239634513203576,19.576036548679642,20.5,21.5
836.0,19.357116816040712,19.593689664559726,8.826426000840915,21.0,1,1.4063103354402742,19.593689664559726,20.5,21.5
837.0,19.357606585768977,19.552363727310112,8.827080574274563,21.0,1,1.4476362726898877,19.552363727310112,20.5,21.5
838.0,19.358096410431813,19.542979111356345,8.827734027961,21.0,1,1.4570208886436546,19.542979111356345,20.5,21.5
839.0,19.358586289637657,19.55753027546009,8.828386361015548,21.0,1,1.4424697245399116,19.55753027546009,20.5,21.5
840.0,19.359076222994783,19.51811267152299,8.829037572555041,21.0,1,1.4818873284770113,19.51811267152299,20.5,21.5
841.0,19.359566210111304,19.544233670290488,8.829687661697834,21.0,1,1.4557663297095118,19.544233670290488,20.5,21.5
842.0,19.360056250595164,19.54976764710685,8.830336627563797,21.0,1,1.4502323528931491,19.54976764710685,20.5,21.5
843.0,19.360546344054153,19.57085964096014,8.830984469274329,21.0,1,1.4291403590398595,19.57085964096014,20.5,21.5
844.0,19.361036490095895,19.539454070158193,8.831631185952341,21.0,1,1.4605459298418069,19.539454070158193,20.5,21.5
845.0,19.361526688327846,19.543868032305305,8.832276776722278,21.0,1,1.456131967694695,19.543868032305305,20.5,21.5
846.0,19.36201693835731,19.520559451626507,8.8329212407101,21.0,1,1.4794405483734927,19.520559451626507,20.5,21.5
847.0,19.362507239791427,19.45244884818889,8.833564577043296,21.0,1,1.5475511518111098,19.45244884818889,20.5,21.5
848.0,19.36299759223718,19.437125399354215,8.834206784850885,21.0,1,1.5628746006457845,19.437125399354215,20.5,21.5
849.0,19.363487995301384,19.445943990898208,8.834847863263407,21.0,1,1.5540560091017923,19.445943990898208,20.5,21.5
850.0,19.363978448590704,19.491547003908057,8.835487811412936,21.0,1,1.5084529960919433,19.491547003908057,20.5,21.5
851.0,19.364468951711643,19.438634935987537,8.836126628433076,21.0,1,1.5613650640124632,19.438634935987537,20.5,21.5
852.0,19.36495950427055,19.39412978411861,8.836764313458962,21.0,1,1.6058702158813887,19.39412978411861,20.5,21.5
853.0,19.365450105873613,19.355564739211538,8.837400865627258,21.0,1,1.6444352607884625,19.355564739211538,20.5,21.5
854.0,19.365940756126864,19.32865029773975,8.838036284076168,21.0,1,1.671349702260251,19.32865029773975,20.5,21.5
855.0,19.36643145463618,19.33877731028746,8.838670567945424,21.0,1,1.6612226897125417,19.33877731028746,20.5,21.5
856.0,19.366922201007284,19.3715146827881,8.8393037163763,21.0,1,1.6284853172119007,19.3715146827881,20.5,21.5
857.0,19.36741299484574,19.403480566424697,8.839935728511605,21.0,1,1.5965194335753026,19.403480566424697,20.5,21.5
858.0,19.367903835756962,19.47113658114456,8.840566603495684,21.0,1,1.5288634188554404,19.47113658114456,20.5,21.5
859.0,19.36839472334621,19.527141992429137,8.841196340474426,21.0,1,1.4728580075708635,19.527141992429137,20.5,21.5
860.0,19.368885657218588,19.496103409446963,8.841824938595257,21.0,1,1.5038965905530368,19.496103409446963,20.5,21.5
861.0,19.369376636979048,19.56804772167306,8.842452397007147,21.0,1,1.4319522783269392,19.56804772167306,20.5,21.5
862.0,19.36986766223239,19.56857682878708,8.843078714860608,21.0,1,1.43142317121292,19.56857682878708,20.5,21.5
863.0,19.370358732583266,19.531632341152026,8.843703891307698,21.0,1,1.4683676588479742,19.531632341152026,20.5,21.5
864.0,19.370849847636176,19.65286985636762,8.844327925502014,21.0,1,1.3471301436323806,19.65286985636762,20.5,21.5
865.0,19.371341006995465,19.52324254506295,8.844950816598711,21.0,1,1.4767574549370508,19.52324254506295,20.5,21.5
866.0,19.37183221026533,19.461838029607712,8.845572563754478,21.0,1,1.538161970392288,19.461838029607712,20.5,21.5
867.0,19.372323457049827,19.640703213929545,8.846193166127565,21.0,1,1.3592967860704555,19.640703213929545,20.5,21.5
868.0,19.37281474695285,19.690957951634367,8.846812622877762,21.0,1,1.309042048365633,19.690957951634367,20.5,21.5
869.0,19.37330607957816,19.54810252080667,8.847430933166416,21.0,1,1.451897479193331,19.54810252080667,20.5,21.5
870.0,19.373797454529356,19.61789657305468,8.848048096156425,21.0,1,1.3821034269453207,19.61789657305468,20.5,21.5
871.0,19.3742888714099,19.711090453332694,8.84866411101224,21.0,1,1.2889095466673055,19.711090453332694,20.5,21.5
872.0,19.3747803298231,19.531766990445742,8.849278976899868,21.0,1,1.4682330095542575,19.531766990445742,20.5,21.5
873.0,19.375271829372124,19.53556419775432,8.849892692986863,21.0,1,1.4644358022456814,19.53556419775432,20.5,21.5
874.0,19.375763369659996,19.60004316675456,8.85050525844235,21.0,1,1.3999568332454402,19.60004316675456,20.5,21.5
875.0,19.37625495028959,19.641200750981632,8.851116672437,21.0,1,1.358799249018368,19.641200750981632,20.5,21.5
876.0,19.376746570863638,19.60912336090583,8.851726934143048,21.0,1,1.39087663909417,19.60912336090583,20.5,21.5
877.0,19.37723823098473,19.672407616923728,8.852336042734288,21.0,1,1.3275923830762721,19.672407616923728,20.5,21.5
878.0,19.377729930255313,19.648754314768148,8.852943997386076,21.0,1,1.3512456852318522,19.648754314768148,20.5,21.5
879.0,19.37822166827769,19.731592478871363,8.853550797275327,21.0,1,1.268407521128637,19.731592478871363,20.5,21.5
880.0,19.37871344465402,19.67460170638944,8.854156441580525,21.0,1,1.3253982936105615,19.67460170638944,20.5,21.5
881.0,19.37920525898633,19.681053469366088,8.854760929481715,21.0,1,1.3189465306339123,19.681053469366088,20.5,21.5
882.0,19.379697110876496,19.75300654286492,8.855364260160506,21.0,1,1.2469934571350798,19.75300654286492,20.5,21.5
883.0,19.380188999926258,19.793649978068817,8.855966432800079,21.0,1,1.2063500219311827,19.793649978068817,20.5,21.5
884.0,19.380680925737217,19.717310076959702,8.856567446585176,21.0,1,1.282689923040298,19.717310076959702,20.5,21.5
885.0,19.381172887910832,19.75158658855748,8.857167300702113,21.0,1,1.2484134114425203,19.75158658855748,20.5,21.5
886.0,19.38166488604843,19.728569578613914,8.857765994338774,21.0,1,1.2714304213860856,19.728569578613914,20.5,21.5
887.0,19.382156919751193,19.64368310836145,8.858363526684615,21.0,1,1.3563168916385493,19.64368310836145,20.5,21.5
888.0,19.382648988620172,19.628655521575695,8.858959896930664,21.0,1,1.3713444784243052,19.628655521575695,20.5,21.5
889.0,19.383141092256274,19.587168058333123,8.859555104269523,21.0,1,1.4128319416668766,19.587168058333123,20.5,21.5
890.0,19.38363323026028,19.64735939471625,8.860149147895365,21.0,1,1.3526406052837494,19.64735939471625,20.5,21.5
891.0,19.384125402232826,19.619163323688106,8.860742027003944,21.0,1,1.380836676311894,19.619163323688106,20.5,21.5
892.0,19.384617607774416,19.531929981962968,8.861333740792585,21.0,1,1.4680700180370323,19.531929981962968,20.5,21.5
893.0,19.385109846485424,19.44376418778246,8.861924288460195,21.0,1,1.5562358122175404,19.44376418778246,20.5,21.5
894.0,19.385602117966084,19.408327071935496,8.862513669207257,21.0,1,1.5916729280645043,19.408327071935496,20.5,21.5
895.0,19.386094421816498,19.332839843784733,8.863101882235837,21.0,1,1.6671601562152674,19.332839843784733,20.5,21.5
896.0,19.38658675763664,19.36852019206732,8.863688926749576,21.0,1,1.6314798079326813,19.36852019206732,20.5,21.5
897.0,19.387079125026343,19.507256929031097,8.864274801953705,21.0,1,1.4927430709689027,19.507256929031097,20.5,21.5
898.0,19.38757152358532,19.588071926815903,8.86485950705503,21.0,1,1.4119280731840966,19.588071926815903,20.5,21.5
899.0,19.388063952913143,19.566865906208164,8.86544304126195,21.0,1,1.4331340937918355,19.566865906208164,20.5,21.5
900.0,19.388556412609258,19.607819450622532,-26.13397459621556,21.0,1,1.3921805493774677,19.607819450622532,20.5,21.5
901.0,19.377382235606316,19.577857000321355,-26.133393406165936,21.0,1,1.4221429996786448,19.577857000321355,20.5,21.5
902.0,19.36621197705906,19.483292186843016,-26.132813389376018,21.0,1,1.5167078131569838,19.483292186843016,20.5,21.5
903.0,19.355045635270248,19.458781634892464,-26.13223454663107,21.0,1,1.541218365107536,19.458781634892464,20.5,21.5
904.0,19.343883208542948,19.54927019551215,-26.131656878714765,21.0,1,1.4507298044878496,19.54927019551215,20.5,21.5
905.0,19.33272469518053,19.474731872546187,-26.13108038640917,21.0,1,1.5252681274538133,19.474731872546187,20.5,21.5
906.0,19.321570093486667,19.371261310669475,-26.13050507049478,21.0,1,1.6287386893305253,19.371261310669475,20.5,21.5
907.0,19.31041940176534,19.494612442212002,-26.12993093175049,21.0,1,1.5053875577879978,19.494612442212002,20.5,21.5
908.0,19.299272618320835,19.58909005345719,-26.1293579709536,21.0,1,1.4109099465428088,19.58909005345719,20.5,21.5
909.0,19.288129741457745,19.629059042692376,-26.12878618887981,21.0,1,1.3709409573076243,19.629059042692376,20.5,21.5
910.0,19.276990769480964,19.653565686592422,-26.128215586303238,21.0,1,1.3464343134075776,19.653565686592422,20.5,21.5
911.0,19.265855700695703,19.585558543016226,-26.127646163996392,21.0,1,1.4144414569837735,19.585558543016226,20.5,21.5
912.0,19.254724533407472,19.526811400285453,-26.12707792273019,21.0,1,1.4731885997145469,19.526811400285453,20.5,21.5
913.0,19.243597265922094,19.449483684454286,-26.12651086327395,21.0,1,1.550516315545714,19.449483684454286,20.5,21.5
914.0,19.232473896545695,19.34859614321377,-26.125944986395382,21.0,1,1.6514038567862315,19.34859614321377,20.5,21.5
915.0,19.221354423584714,19.29184110311109,-26.125380292860605,21.0,1,1.7081588968889108,19.29184110311109,20.5,21.5
916.0,19.2102388453459,19.422787280570038,-26.124816783434134,21.0,1,1.577212719429962,19.422787280570038,20.5,21.5
917.0,19.199127160136307,19.422392322106205,-26.124254458878873,21.0,1,1.5776076778937949,19.422392322106205,20.5,21.5
918.0,19.1880193662633,19.287840882500554,-26.123693319956136,21.0,1,1.7121591174994464,19.287840882500554,20.5,21.5
919.0,19.17691546203456,19.264228428774494,-26.12313336742562,21.0,1,1.7357715712255057,19.264228428774494,20.5,21.5
920.0,19.165815445758074,19.37004674544482,-26.122574602045418,21.0,1,1.6299532545551791,19.37004674544482,20.5,21.5
921.0,19.15471931574214,19.31941283068171,-26.122017024572017,21.0,1,1.68058716931829,19.31941283068171,20.5,21.5
922.0,19.143627070295366,19.303327054856727,-26.1214606357603,21.0,1,1.6966729451432734,19.303327054856727,20.5,21.5
923.0,19.13253870772668,19.33676234441476,-26.120905436363536,21.0,1,1.6632376555852417,19.33676234441476,20.5,21.5
924.0,19.121454226345318,19.33592321936958,-26.120351427133386,21.0,1,1.6640767806304204,19.33592321936958,20.5,21.5
925.0,19.110373624460824,19.237109539451748,-26.119798608819888,21.0,1,1.7628904605482525,19.237109539451748,20.5,21.5
926.0,19.099296900383063,19.24257671792315,-26.11924698217149,21.0,1,1.75742328207685,19.24257671792315,20.5,21.5
927.0,19.088224052422213,19.065583065428143,-26.11869654793501,21.0,1,1.934416934571857,19.065583065428143,20.5,21.5
928.0,19.07715507888876,19.059515160457085,-26.118147306855654,21.0,1,1.9404848395429148,19.059515160457085,20.5,21.5
929.0,19.066089978093512,19.07895728446299,-26.117599259677014,21.0,1,1.9210427155370091,19.07895728446299,20.5,21.5
930.0,19.05502874834759,19.047624436657216,-26.117052407141074,21.0,1,1.952375563342784,19.047624436657216,20.5,21.5
931.0,19.043971387962426,19.002432841965614,-26.116506749988183,21.0,1,1.9975671580343857,19.002432841965614,20.5,21.5
932.0,19.032917895249774,19.047574975758927,-26.115962288957093,21.0,1,1.952425024241073,19.047574975758927,20.5,21.5
933.0,19.021868268521704,19.090763918596195,-26.115419024784917,21.0,1,1.9092360814038045,19.090763918596195,20.5,21.5
934.0,19.0108225060906,19.134492193999524,-26.114876958207155,21.0,1,1.8655078060004762,19.134492193999524,20.5,21.5
935.0,18.99978060626917,19.026723055597575,-26.114336089957696,21.0,1,1.973276944402425,19.026723055597575,20.5,21.5
936.0,18.988742567370426,19.114229933010172,-26.113796420768786,21.0,1,1.8857700669898279,19.114229933010172,20.5,21.5
937.0,18.977708387707715,19.18792504601002,-26.113257951371065,21.0,1,1.8120749539899812,19.18792504601002,20.5,21.5
938.0,18.96667806559469,19.09389692446409,-26.11272068249354,21.0,1,1.9061030755359099,19.09389692446409,20.5,21.5
939.0,18.955651599345327,18.96980938745014,-26.1121846148636,21.0,1,2.030190612549859,18.96980938745014,20.5,21.5
940.0,18.944628987273923,19.105431661155784,-26.111649749206997,21.0,1,1.8945683388442163,19.105431661155784,20.5,21.5
941.0,18.933610227695095,19.02320938582418,-26.11111608624786,21.0,1,1.976790614175819,19.02320938582418,20.5,21.5
942.0,18.92259531892378,19.049595216246423,-26.110583626708703,21.0,1,1.9504047837535765,19.049595216246423,20.5,21.5
943.0,18.911584259275234,19.10797313351274,-26.11005237131039,21.0,1,1.8920268664872602,19.10797313351274,20.5,21.5
944.0,18.90057704706504,19.190721233079863,-26.109522320772157,21.0,1,1.8092787669201371,19.190721233079863,20.5,21.5
945.0,18.889573680609093,19.16159348375897,-26.10899347581163,21.0,1,1.8384065162410295,19.16159348375897,20.5,21.5
946.0,18.878574158223618,19.198822279289452,-26.108465837144784,21.0,1,1.8011777207105482,19.198822279289452,20.5,21.5
947.0,18.867578478225163,19.1074770413379,-26.10793940548596,21.0,1,1.8925229586620986,19.1074770413379,20.5,21.5
948.0,18.856586638930594,19.070404543026946,-26.107414181547874,21.0,1,1.929595456973054,19.070404543026946,20.5,21.5
949.0,18.8455986386571,18.939143768994104,-26.1068901660416,21.0,1,2.0608562310058964,18.939143768994104,20.5,21.5
950.0,18.8346144757222,19.003548754555347,-26.10636735967659,21.0,1,1.9964512454446535,19.003548754555347,20.5,21.5
951.0,18.823634148443734,18.97473670569142,-26.10584576316063,21.0,1,2.02526329430858,18.97473670569142,20.5,21.5
952.0,18.812657655139866,19.053935983411815,-26.105325377199904,21.0,1,1.9460640165881848,19.053935983411815,20.5,21.5
953.0,18.801684994129086,19.06707205923503,-26.104806202498924,21.0,1,1.9329279407649693,19.06707205923503,20.5,21.5
954.0,18.79071616373021,19.12469019702929,-26.104288239760585,21.0,1,1.8753098029707083,19.12469019702929,20.5,21.5
955.0,18.77975116226238,19.102384051868665,-26.10377148968614,21.0,1,1.8976159481313353,19.102384051868665,20.5,21.5
956.0,18.76878998804506,19.077879298582086,-26.103255952975175,21.0,1,1.9221207014179136,19.077879298582086,20.5,21.5
957.0,18.757832639398053,19.00295472238275,-26.10274163032567,21.0,1,1.99704527761725,19.00295472238275,20.5,21.5
958.0,18.74687911464148,18.902902182827965,-26.10222852243394,21.0,1,2.0970978171720347,18.902902182827965,20.5,21.5
959.0,18.73592941209579,18.86238479919107,-26.101716629994648,21.0,1,2.1376152008089306,18.86238479919107,20.5,21.5
960.0,18.724983530081758,18.89744007408479,-26.101205953700834,21.0,1,2.102559925915209,18.89744007408479,20.5,21.5
961.0,18.7140414669205,18.89563764232478,-26.100696494243874,21.0,1,2.104362357675221,18.89563764232478,20.5,21.5
962.0,18.703103220933443,18.936488669006764,-26.1001882523135,21.0,1,2.0635113309932365,18.936488669006764,20.5,21.5
963.0,18.69216879044236,18.969144593835484,-26.099681228597806,21.0,1,2.030855406164516,18.969144593835484,20.5,21.5
964.0,18.681238173769344,18.96713729982438,-26.099175423783223,21.0,1,2.0328627001756203,18.96713729982438,20.5,21.5
965.0,18.670311369236828,18.88073963246586,-26.09867083855454,21.0,1,2.119260367534139,18.88073963246586,20.5,21.5
966.0,18.659388375167563,18.876081574851902,-26.098167473594884,21.0,1,2.123918425148098,18.876081574851902,20.5,21.5
967.0,18.648469189884644,18.814371751353832,-26.09766532958575,21.0,1,2.185628248646168,18.814371751353832,20.5,21.5
968.0,18.637553811711488,18.924738821358762,-26.097164407206964,21.0,1,2.075261178641238,18.924738821358762,20.5,21.5
969.0,18.626642238971847,18.92457200335081,-26.0966647071367,21.0,1,2.0754279966491893,18.92457200335081,20.5,21.5
970.0,18.61573446998981,18.951645621055313,-26.09616623005148,21.0,1,2.048354378944687,18.951645621055313,20.5,21.5
971.0,18.604830503089797,18.981852463143543,-26.095668976626172,21.0,1,2.018147536856457,18.981852463143543,20.5,21.5
972.0,18.593930336596557,18.891187153992952,-26.09517294753398,21.0,1,2.108812846007048,18.891187153992952,20.5,21.5
973.0,18.58303396883518,18.73642920996604,-26.094678143446462,21.0,1,2.2635707900339597,18.73642920996604,20.5,21.5
974.0,18.572141398131087,18.81463108765555,-26.09418456503351,21.0,1,2.185368912344451,18.81463108765555,20.5,21.5
975.0,18.561252622810034,18.82959680025521,-26.09369221296335,21.0,1,2.17040319974479,18.82959680025521,20.5,21.5
976.0,18.55036764119811,18.76754778036655,-26.093201087902564,21.0,1,2.2324522196334513,18.76754778036655,20.5,21.5
977.0,18.539486451621745,18.825826717321934,-26.092711190516063,21.0,1,2.1741732826780655,18.825826717321934,20.5,21.5
978.0,18.5286090524077,18.961716116323835,-26.092222521467093,21.0,1,2.038283883676165,18.961716116323835,20.5,21.5
979.0,18.517735441883072,18.926548984052133,-26.09173508141724,21.0,1,2.0734510159478674,18.926548984052133,20.5,21.5
980.0,18.506865618375304,18.893067800413654,-26.091248871026437,21.0,1,2.106932199586346,18.893067800413654,20.5,21.5
981.0,18.49599958021217,18.94180273865472,-26.090763890952932,21.0,1,2.0581972613452812,18.94180273865472,20.5,21.5
982.0,18.485137325721784,18.898514366438285,-26.09028014185332,21.0,1,2.1014856335617154,18.898514366438285,20.5,21.5
983.0,18.47427885323259,18.88243845283064,-26.089797624382534,21.0,1,2.117561547169359,18.88243845283064,20.5,21.5
984.0,18.463424161073384,18.68016537807952,-26.08931633919382,21.0,1,2.3198346219204815,18.68016537807952,20.5,21.5
985.0,18.452573247573294,18.683433731924055,-26.088836286938783,21.0,1,2.3165662680759453,18.683433731924055,20.5,21.5
986.0,18.44172611106179,18.679064369593004,-26.088357468267333,21.0,1,2.3209356304069964,18.679064369593004,20.5,21.5
987.0,18.43088274986868,18.760093254414706,-26.087879883827725,21.0,1,2.2399067455852943,18.760093254414706,20.5,21.5
988.0,18.420043162324113,18.665979166331105,-26.087403534266542,21.0,1,2.3340208336688946,18.665979166331105,20.5,21.5
989.0,18.40920734675858,18.80071668336109,-26.086928420228688,21.0,1,2.1992833166389083,18.80071668336109,20.5,21.5
990.0,18.39837530150292,18.750529578520133,-26.0864545423574,21.0,1,2.2494704214798666,18.750529578520133,20.5,21.5
991.0,18.3875470248883,18.66622610434451,-26.08598190129424,21.0,1,2.33377389565549,18.66622610434451,20.5,21.5
992.0,18.37672251524624,18.597336076980646,-26.085510497679095,21.0,1,2.402663923019354,18.597336076980646,20.5,21.5
993.0,18.365901770908597,18.647724290726057,-26.085040332150175,21.0,1,2.3522757092739432,18.647724290726057,20.5,21.5
994.0,18.355084790207577,18.6581826728037,-26.084571405344022,21.0,1,2.341817327196299,18.6581826728037,20.5,21.5
995.0,18.344271571475726,18.61414268277675,-26.084103717895488,21.0,1,2.3858573172232482,18.61414268277675,20.5,21.5
996.0,18.333462113045936,18.67527923499829,-26.083637270437762,21.0,1,2.324720765001711,18.67527923499829,20.5,21.5
997.0,18.32265641325144,18.6578351522947,-26.083172063602337,21.0,1,2.3421648477052983,18.6578351522947,20.5,21.5
998.0,18.31185447042582,18.586760936650983,-26.082708098019044,21.0,1,2.4132390633490175,18.586760936650983,20.5,21.5
999.0,18.301056282903005,18.38389677369059,-26.082245374316017,21.0,1,2.6161032263094093,18.38389677369059,20.5,21.5
1000.0,18.290261849017266,18.433073273302977,-26.081783893119727,21.0,1,2.566926726697023,18.433073273302977,20.5,21.5
1001.0,18.27947116710322,18.37562824682519,-26.081323655054945,21.0,1,2.6243717531748096,18.37562824682519,20.5,21.5
1002.0,18.268684235495837,18.37396346638357,-26.080864660744766,21.0,1,2.6260365336164284,18.37396346638357,20.5,21.5
1003.0,18.25790105253042,18.422521266410214,-26.080406910810606,21.0,1,2.5774787335897855,18.422521266410214,20.5,21.5
1004.0,18.247121616542643,18.63017979127925,-26.07995040587219,21.0,1,2.36982020872075,18.63017979127925,20.5,21.5
1005.0,18.236345925868505,18.56469832237581,-26.079495146547558,21.0,1,2.4353016776241887,18.56469832237581,20.5,21.5
1006.0,18.225573978844366,18.510411444169925,-26.07904113345307,21.0,1,2.4895885558300748,18.510411444169925,20.5,21.5
1007.0,18.214805773806933,18.48325569514205,-26.07858836720339,21.0,1,2.5167443048579514,18.48325569514205,20.5,21.5
1008.0,18.204041309093263,18.47349442836146,-26.0781368484115,21.0,1,2.526505571638541,18.47349442836146,20.5,21.5
1009.0,18.19328058304076,18.317983321652797,-26.077686577688688,21.0,1,2.6820166783472033,18.317983321652797,20.5,21.5
1010.0,18.182523593987185,18.252502488771363,-26.077237555644558,21.0,1,2.7474975112286373,18.252502488771363,20.5,21.5
1011.0,18.17177034027064,18.24355819640656,-26.07678978288702,21.0,1,2.7564418035934395,18.24355819640656,20.5,21.5
1012.0,18.161020820229588,18.2628941447747,-26.07634326002229,21.0,1,2.7371058552252983,18.2628941447747,20.5,21.5
1013.0,18.15027503220284,18.264887186668116,-26.075897987654905,21.0,1,2.7351128133318845,18.264887186668116,20.5,21.5
1014.0,18.13953297452955,18.270026971426674,-26.075453966387688,21.0,1,2.729973028573326,18.270026971426674,20.5,21.5
1015.0,18.128794645549245,18.282387966348157,-26.075011196821784,21.0,1,2.717612033651843,18.282387966348157,20.5,21.5
1016.0,18.118060043601787,18.351338398549778,-26.07456967955664,21.0,1,2.648661601450222,18.351338398549778,20.5,21.5
1017.0,18.1073291670274,18.35934273055458,-26.074129415190008,21.0,1,2.64065726944542,18.35934273055458,20.5,21.5
1018.0,18.096602014166663,18.235690917894356,-26.073690404317936,21.0,1,2.764309082105644,18.235690917894356,20.5,21.5
1019.0,18.0858785833605,18.22460681246901,-26.073252647534783,21.0,1,2.775393187530991,18.22460681246901,20.5,21.5
1020.0,18.0751588729502,18.260923279708443,-26.07281614543321,21.0,1,2.739076720291557,18.260923279708443,20.5,21.5
1021.0,18.064442881277408,18.190020598896037,-26.07238089860418,21.0,1,2.8099794011039627,18.190020598896037,20.5,21.5
1022.0,18.053730606684113,18.208275475029218,-26.071946907636953,21.0,1,2.791724524970782,18.208275475029218,20.5,21.5
1023.0,18.04302204751267,18.263336830705168,-26.071514173119084,21.0,1,2.7366631692948324,18.263336830705168,20.5,21.5
1024.0,18.032317202105794,18.262146890186482,-26.07108269563644,21.0,1,2.7378531098135177,18.262146890186482,20.5,21.5
1025.0,18.021616068806548,18.307382567693406,-26.07065247577318,21.0,1,2.6926174323065943,18.307382567693406,20.5,21.5
1026.0,18.010918645958355,18.30770004575129,-26.07022351411175,21.0,1,2.6922999542487105,18.30770004575129,20.5,21.5
1027.0,18.000224931905,18.232255284465175,-26.069795811232908,21.0,1,2.7677447155348247,18.232255284465175,20.5,21.5
1028.0,17.98953492499062,18.18094510506747,-26.0693693677157,21.0,1,2.819054894932531,18.18094510506747,20.5,21.5
1029.0,17.978848623559717,18.24178794284679,-26.06894418413747,21.0,1,2.7582120571532087,18.24178794284679,20.5,21.5
1030.0,17.968166025957153,18.16999556024924,-26.068520261073857,21.0,1,2.830004439750759,18.16999556024924,20.5,21.5
1031.0,17.957487130528143,18.182861390950528,-26.068097599098788,21.0,1,2.817138609049472,18.182861390950528,20.5,21.5
1032.0,17.946811935618268,18.110675565314217,-26.06767619878449,21.0,1,2.8893244346857827,18.110675565314217,20.5,21.5
1033.0,17.936140439573467,18.063208539515507,-26.06725606070147,21.0,1,2.9367914604844927,18.063208539515507,20.5,21.5
1034.0,17.925472640740043,18.04800431988837,-26.066837185418542,21.0,1,2.9519956801116294,18.04800431988837,20.5,21.5
1035.0,17.91480853746466,17.987980525490297,-26.0664195735028,21.0,1,3.012019474509703,17.987980525490297,20.5,21.5
1036.0,17.904148128094334,17.957918989511256,-26.066003225519626,21.0,1,3.0420810104887437,17.957918989511256,20.5,21.5
1037.0,17.893491410976463,18.0812803565896,-26.065588142032702,21.0,1,2.9187196434104017,18.0812803565896,20.5,21.5
1038.0,17.882838384458793,18.151179819954883,-26.065174323603983,21.0,1,2.8488201800451165,18.151179819954883,20.5,21.5
1039.0,17.87218904688944,18.148392576901394,-26.06476177079373,21.0,1,2.8516074230986064,18.148392576901394,20.5,21.5
1040.0,17.861543396616877,18.22630145411732,-26.06435048416047,21.0,1,2.773698545882681,18.22630145411732,20.5,21.5
1041.0,17.85090143198995,18.277065700948654,-26.063940464261027,21.0,1,2.722934299051346,18.277065700948654,20.5,21.5
1042.0,17.840263151357867,18.210120245810124,-26.063531711650512,21.0,1,2.789879754189876,18.210120245810124,20.5,21.5
1043.0,17.829628553070197,18.291541308783103,-26.063124226882316,21.0,1,2.7084586912168973,18.291541308783103,20.5,21.5
1044.0,17.81899763547688,18.319375031882384,-26.062718010508107,21.0,1,2.680624968117616,18.319375031882384,20.5,21.5
1045.0,17.80837039692822,18.292978627399453,-26.062313063077855,21.0,1,2.707021372600547,18.292978627399453,20.5,21.5
1046.0,17.797746835774884,18.19735131579323,-26.061909385139792,21.0,1,2.802648684206769,18.19735131579323,20.5,21.5
1047.0,17.787126950367913,18.205716714752626,-26.061506977240445,21.0,1,2.7942832852473742,18.205716714752626,20.5,21.5
1048.0,17.77651073905871,18.12707884500365,-26.061105839924608,21.0,1,2.8729211549963516,18.12707884500365,20.5,21.5
1049.0,17.76589820019905,18.000317621023445,-26.060705973735374,21.0,1,2.999682378976555,18.000317621023445,20.5,21.5
1050.0,17.75528933214107,17.956287063262145,-26.06030737921409,21.0,1,3.0437129367378546,17.956287063262145,20.5,21.5
1051.0,17.744684133237286,17.98967257186265,-26.059910056900407,21.0,1,3.0103274281373515,17.98967257186265,20.5,21.5
1052.0,17.734082601840573,17.971133021085954,-26.05951400733224,21.0,1,3.0288669789140457,17.971133021085954,20.5,21.5
1053.0,17.723484736304183,17.966835109748438,-26.059119231045777,21.0,1,3.0331648902515624,17.966835109748438,20.5,21.5
1054.0,17.71289053498173,17.93857509022787,-26.05872572857549,21.0,1,3.0614249097721284,17.93857509022787,20.5,21.5
1055.0,17.70229999622721,17.926675744464838,-26.058333500454125,21.0,1,3.0733242555351623,17.926675744464838,20.5,21.5
1056.0,17.691713118394983,17.8088606822661,-26.057942547212704,21.0,1,3.1911393177338994,17.8088606822661,20.5,21.5
1057.0,17.68112989983978,17.819580677437404,-26.05755286938052,21.0,1,3.180419322562596,17.819580677437404,20.5,21.5
1058.0,17.67055033891671,17.780024231386054,-26.057164467485137,21.0,1,3.2199757686139456,17.780024231386054,20.5,21.5
1059.0,17.65997443398124,17.836787495673914,-26.0567773420524,21.0,1,3.1632125043260864,17.836787495673914,20.5,21.5
1060.0,17.649402183389228,17.897980269130226,-26.056391493606416,21.0,1,3.102019730869774,17.897980269130226,20.5,21.5
1061.0,17.638833585496897,17.995314878644983,-26.056006922669575,21.0,1,3.004685121355017,17.995314878644983,20.5,21.5
1062.0,17.628268638660842,17.93849388459204,-26.05562362976252,21.0,1,3.0615061154079584,17.93849388459204,20.5,21.5
1063.0,17.617707341238035,17.841444561529023,-26.055241615404178,21.0,1,3.1585554384709766,17.841444561529023,20.5,21.5
1064.0,17.60714969158582,17.73630503073847,-26.054860880111747,21.0,1,3.263694969261529,17.73630503073847,20.5,21.5
1065.0,17.59659568806192,17.699110000473365,-26.054481424400684,21.0,1,3.3008899995266354,17.699110000473365,20.5,21.5
1066.0,17.586045329024433,17.67481709099811,-26.054103248784713,21.0,1,3.3251829090018887,17.67481709099811,20.5,21.5
1067.0,17.57549861283183,17.562476381469306,-26.053726353775833,21.0,1,3.437523618530694,17.562476381469306,20.5,21.5
1068.0,17.56495553784296,17.626706926331835,-26.0533507398843,21.0,1,3.373293073668165,17.626706926331835,20.5,21.5
1069.0,17.55441610241705,17.712902950135458,-26.05297640761865,21.0,1,3.287097049864542,17.712902950135458,20.5,21.5
1070.0,17.543880304913706,17.624604813748878,-26.052603357485673,21.0,1,3.3753951862511222,17.624604813748878,20.5,21.5
1071.0,17.53334814369291,17.557269252459452,-26.052231589990413,21.0,1,3.4427307475405478,17.557269252459452,20.5,21.5
1072.0,17.522819617115015,17.73099587398425,-26.051861105636203,21.0,1,3.2690041260157514,17.73099587398425,20.5,21.5
1073.0,17.512294723540766,17.793602185342884,-26.051491904924617,21.0,1,3.206397814657116,17.793602185342884,20.5,21.5
1074.0,17.50177346133128,17.87361155289624,-26.051123988355503,21.0,1,3.1263884471037606,17.87361155289624,20.5,21.5
1075.0,17.49125582884805,17.84197536314522,-26.050757356426967,21.0,1,3.1580246368547797,17.84197536314522,20.5,21.5
1076.0,17.48074182445296,17.906173810464004,-26.050392009635374,21.0,1,3.0938261895359958,17.906173810464004,20.5,21.5
1077.0,17.47023144650826,17.803428531843167,-26.050027948475346,21.0,1,3.196571468156833,17.803428531843167,20.5,21.5
1078.0,17.4597246933766,17.801356234004032,-26.049665173439777,21.0,1,3.1986437659959677,17.801356234004032,20.5,21.5
1079.0,17.449221563420995,17.665742459733956,-26.04930368501981,21.0,1,3.3342575402660444,17.665742459733956,20.5,21.5
1080.0,17.43872205500485,17.699311434698956,-26.048943483704846,21.0,1,3.3006885653010443,17.699311434698956,20.5,21.5
1081.0,17.428226166491946,17.68081413059715,-26.048584569982545,21.0,1,3.319185869402851,17.68081413059715,20.5,21.5
1082.0,17.417733896246453,17.619183077115856,-26.04822694433883,21.0,1,3.3808169228841436,17.619183077115856,20.5,21.5
1083.0,17.407245242632925,17.601655604998413,-26.047870607257863,21.0,1,3.398344395001587,17.601655604998413,20.5,21.5
1084.0,17.396760204016296,17.67211271886644,-26.047515559222077,21.0,1,3.3278872811335596,17.67211271886644,20.5,21.5
1085.0,17.386278778761884,17.61864457495285,-26.047161800712164,21.0,1,3.3813554250471505,17.61864457495285,20.5,21.5
1086.0,17.375800965235392,17.635667453483784,-26.046809332207054,21.0,1,3.3643325465162164,17.635667453483784,20.5,21.5
1087.0,17.365326761802912,17.648936257904978,-26.046458154183938,21.0,1,3.351063742095022,17.648936257904978,20.5,21.5
1088.0,17.354856166830917,17.658175792869375,-26.046108267118264,21.0,1,3.3418242071306246,17.658175792869375,20.5,21.5
1089.0,17.344389178686267,17.635899808128876,-26.045759671483722,21.0,1,3.364100191871124,17.635899808128876,20.5,21.5
1090.0,17.33392579573621,17.657468318647744,-26.04541236775227,21.0,1,3.3425316813522556,17.657468318647744,20.5,21.5
1091.0,17.32346601634838,17.572503384841692,-26.045066356394095,21.0,1,3.427496615158308,17.572503384841692,20.5,21.5
1092.0,17.3130098388908,17.571577009910506,-26.044721637877657,21.0,1,3.4284229900894942,17.571577009910506,20.5,21.5
1093.0,17.302557261731877,17.35772471978286,-26.04437821266965,21.0,1,3.6422752802171416,17.35772471978286,20.5,21.5
1094.0,17.29210828324041,17.23174133187373,-26.04403608123502,21.0,1,3.7682586681262684,17.23174133187373,20.5,21.5
1095.0,17.281662901785584,17.352124218400263,-26.043695244036964,21.0,1,3.647875781599737,17.352124218400263,20.5,21.5
1096.0,17.271221115736978,17.367269267087313,-26.04335570153693,21.0,1,3.6327307329126874,17.367269267087313,20.5,21.5
1097.0,17.260782923464554,17.3701599147116,-26.043017454194608,21.0,1,3.6298400852884,17.3701599147116,20.5,21.5
1098.0,17.250348323338667,17.5058580351861,-26.04268050246793,21.0,1,3.494141964813899,17.5058580351861,20.5,21.5
1099.0,17.239917313730064,17.613356607397737,-26.04234484681309,21.0,1,3.386643392602263,17.613356607397737,20.5,21.5
1100.0,17.229489893009884,17.565565571368815,-26.04201048768451,21.0,1,3.434434428631185,17.565565571368815,20.5,21.5
1101.0,17.219066059549654,17.666041731214005,-26.041677425534864,21.0,1,3.333958268785995,17.666041731214005,20.5,21.5
1102.0,17.208645811721293,17.634453242348222,-26.041345660815075,21.0,1,3.365546757651778,17.634453242348222,20.5,21.5
1103.0,17.198229147897116,17.6128293153996,-26.0410151939743,21.0,1,3.387170684600399,17.6128293153996,20.5,21.5
1104.0,17.187816066449827,17.60360639315195,-26.04068602545994,21.0,1,3.3963936068480507,17.60360639315195,20.5,21.5
1105.0,17.177406565752523,17.52593585476174,-26.04035815571765,21.0,1,3.474064145238259,17.52593585476174,20.5,21.5
1106.0,17.1670006441787,17.453717475476648,-26.040031585191315,21.0,1,3.5462825245233525,17.453717475476648,20.5,21.5
1107.0,17.156598300102242,17.501455906903296,-26.039706314323055,21.0,1,3.4985440930967044,17.501455906903296,20.5,21.5
1108.0,17.146199531897434,17.37143839866532,-26.039382343553253,21.0,1,3.628561601334681,17.37143839866532,20.5,21.5
1109.0,17.13580433793895,17.339562837041193,-26.039059673320512,21.0,1,3.6604371629588073,17.339562837041193,20.5,21.5
1110.0,17.125412716601865,17.353782332956314,-26.03873830406168,21.0,1,3.646217667043686,17.353782332956314,20.5,21.5
1111.0,17.115024666261643,17.319625565847797,-26.038418236211847,21.0,1,3.6803744341522027,17.319625565847797,20.5,21.5
1112.0,17.10464018529415,17.338416966167006,-26.038099470204337,21.0,1,3.6615830338329936,17.338416966167006,20.5,21.5
1113.0,17.094259272075654,17.44539461455033,-26.037782006470714,21.0,1,3.554605385449669,17.44539461455033,20.5,21.5
1114.0,17.083881924982805,17.384980005218427,-26.037465845440778,21.0,1,3.615019994781573,17.384980005218427,20.5,21.5
1115.0,17.073508142392665,17.31060797379255,-26.03715098754256,21.0,1,3.68939202620745,17.31060797379255,20.5,21.5
1116.0,17.063137922682685,17.239908787715386,-26.036837433202344,21.0,1,3.760091212284614,17.239908787715386,20.5,21.5
1117.0,17.052771264230724,17.19557702141164,-26.03652518284462,21.0,1,3.8044229785883594,17.19557702141164,20.5,21.5
1118.0,17.042408165415033,17.133962140778838,-26.036214236892146,21.0,1,3.866037859221162,17.133962140778838,20.5,21.5
1119.0,17.032048624614262,17.202592715479007,-26.035904595765892,21.0,1,3.797407284520993,17.202592715479007,20.5,21.5
1120.0,17.02169264020747,17.286738692395,-26.03559625988506,21.0,1,3.7132613076049985,17.286738692395,20.5,21.5
1121.0,17.011340210574105,17.187573311847373,-26.0352892296671,21.0,1,3.8124266881526268,17.187573311847373,20.5,21.5
1122.0,17.000991334094024,17.21058233542423,-26.034983505527688,21.0,1,3.789417664575769,17.21058233542423,20.5,21.5
1123.0,16.990646009147483,17.1328506706656,-26.034679087880725,21.0,1,3.8671493293343993,17.1328506706656,20.5,21.5
1124.0,16.98030423411514,16.981722856974407,-26.03437597713835,21.0,1,4.018277143025593,16.981722856974407,20.5,21.5
1125.0,16.969966007378055,16.848013812063282,-26.034074173710934,21.0,1,4.151986187936718,16.848013812063282,20.5,21.5
1126.0,16.95963132731769,17.027355643353737,-26.033773678007066,21.0,1,3.9726443566462635,17.027355643353737,20.5,21.5
1127.0,16.949300192315917,17.029943234472753,-26.033474490433584,21.0,1,3.9700567655272465,17.029943234472753,20.5,21.5
1128.0,16.938972600755,17.122741837584794,-26.03317661139554,21.0,1,3.877258162415206,17.122741837584794,20.5,21.5
1129.0,16.928648551017616,17.160502798099884,-26.03288004129622,21.0,1,3.839497201900116,17.160502798099884,20.5,21.5
1130.0,16.918328041486845,17.19796533323005,-26.032584780537135,21.0,1,3.8020346667699485,17.19796533323005,20.5,21.5
1131.0,16.90801107054617,17.188957714879194,-26.03229082951803,21.0,1,3.8110422851208057,17.188957714879194,20.5,21.5
1132.0,16.897697636579483,17.192541603909724,-26.031998188636866,21.0,1,3.8074583960902757,17.192541603909724,20.5,21.5
1133.0,16.88738773797108,17.2332023283496,-26.031706858289837,21.0,1,3.7667976716504015,17.2332023283496,20.5,21.5
1134.0,16.877081373105657,17.204216444023967,-26.03141683887137,21.0,1,3.7957835559760333,17.204216444023967,20.5,21.5
1135.0,16.86677854036833,17.164190218711365,-26.0311281307741,21.0,1,3.835809781288635,17.164190218711365,20.5,21.5
1136.0,16.856479238144615,17.051574640676158,-26.0308407343889,21.0,1,3.948425359323842,17.051574640676158,20.5,21.5
1137.0,16.846183464820438,16.95006154240975,-26.03055465010486,21.0,1,4.049938457590251,16.95006154240975,20.5,21.5
1138.0,16.83589121878213,16.861565590860913,-26.030269878309305,21.0,1,4.138434409139087,16.861565590860913,20.5,21.5
1139.0,16.825602498416433,16.859284348141724,-26.02998641938776,21.0,1,4.140715651858276,16.859284348141724,20.5,21.5
1140.0,16.815317302110497,16.870732398994143,-26.029704273724004,21.0,1,4.129267601005857,16.870732398994143,20.5,21.5
1141.0,16.805035628251886,16.88129642398888,-26.02942344170001,21.0,1,4.1187035760111215,16.88129642398888,20.5,21.5
1142.0,16.794757475228568,16.98421435129098,-26.02914392369599,21.0,1,4.01578564870902,16.98421435129098,20.5,21.5
1143.0,16.784482841428925,16.97434396551492,-26.028865720090366,21.0,1,4.025656034485081,16.97434396551492,20.5,21.5
1144.0,16.774211725241752,16.953422767582605,-26.028588831259786,21.0,1,4.046577232417395,16.953422767582605,20.5,21.5
1145.0,16.763944125056252,16.96308435536749,-26.02831325757912,21.0,1,4.036915644632511,16.96308435536749,20.5,21.5
1146.0,16.75368003926204,16.990738727266386,-26.028038999421454,21.0,1,4.009261272733614,16.990738727266386,20.5,21.5
1147.0,16.743419466249147,16.921415337229355,-26.027766057158093,21.0,1,4.078584662770645,16.921415337229355,20.5,21.5
1148.0,16.733162404408013,16.97391096977035,-26.027494431158562,21.0,1,4.026089030229649,16.97391096977035,20.5,21.5
1149.0,16.72290885212949,17.05182022708219,-26.027224121790603,21.0,1,3.948179772917811,17.05182022708219,20.5,21.5
1150.0,16.71265880780485,17.017603721361418,-26.026955129420177,21.0,1,3.982396278638582,17.017603721361418,20.5,21.5
1151.0,16.702412269825775,17.014725306841235,-26.02668745441146,21.0,1,3.9852746931587646,17.014725306841235,20.5,21.5
1152.0,16.692169236584363,16.993252186896175,-26.02642109712684,21.0,1,4.006747813103825,16.993252186896175,20.5,21.5
1153.0,16.681929706473124,16.881996527134632,-26.026156057926933,21.0,1,4.118003472865368,16.881996527134632,20.5,21.5
1154.0,16.671693677884992,16.900322858997065,-26.02589233717056,21.0,1,4.099677141002935,16.900322858997065,20.5,21.5
1155.0,16.661461149213306,16.95024657306654,-26.025629935214766,21.0,1,4.04975342693346,16.95024657306654,20.5,21.5
1156.0,16.65123211885183,16.965044312927393,-26.025368852414797,21.0,1,4.034955687072607,16.965044312927393,20.5,21.5
1157.0,16.64100658519474,17.00249001903653,-26.02510908912413,21.0,1,3.9975099809634713,17.00249001903653,20.5,21.5
1158.0,16.630784546636637,17.037222272051736,-26.024850645694436,21.0,1,3.9627777279482643,17.037222272051736,20.5,21.5
1159.0,16.620566001572527,16.92220759992302,-26.02459352247562,21.0,1,4.07779240007698,16.92220759992302,20.5,21.5
1160.0,16.610350948397844,16.877575417483413,-26.024337719815787,21.0,1,4.122424582516587,16.877575417483413,20.5,21.5
1161.0,16.600139385508438,16.807066475105774,-26.02408323806125,21.0,1,4.192933524894226,16.807066475105774,20.5,21.5
1162.0,16.58993131130058,16.718132599610506,-26.023830077556553,21.0,1,4.281867400389494,16.718132599610506,20.5,21.5
1163.0,16.579726724170964,16.833185546331976,-26.023578238644426,21.0,1,4.1668144536680245,16.833185546331976,20.5,21.5
1164.0,16.569525622516693,16.84985353983469,-26.023327721665833,21.0,1,4.15014646016531,16.84985353983469,20.5,21.5
1165.0,16.5593280047353,16.766052467877717,-26.023078526959928,21.0,1,4.233947532122283,16.766052467877717,20.5,21.5
1166.0,16.549133869224733,16.726915116023573,-26.022830654864094,21.0,1,4.273084883976427,16.726915116023573,20.5,21.5
1167.0,16.53894321438337,16.741412692709744,-26.022584105713904,21.0,1,4.258587307290256,16.741412692709744,20.5,21.5
1168.0,16.528756038610005,16.613408370228637,-26.022338879843158,21.0,1,4.386591629771363,16.613408370228637,20.5,21.5
1169.0,16.518572340303855,16.5117734785592,-26.02209497758385,21.0,1,4.488226521440801,16.5117734785592,20.5,21.5
1170.0,16.50839211786456,16.643183446552996,-26.021852399266194,21.0,1,4.356816553447004,16.643183446552996,20.5,21.5
1171.0,16.498215369692183,16.68291916364397,-26.021611145218603,21.0,1,4.3170808363560305,16.68291916364397,20.5,21.5
1172.0,16.48804209418721,16.600293370712244,-26.0213712157677,21.0,1,4.399706629287756,16.600293370712244,20.5,21.5
1173.0,16.47787228975056,16.603616017058034,-26.021132611238315,21.0,1,4.396383982941966,16.603616017058034,20.5,21.5
1174.0,16.467705954783565,16.74705745365888,-26.020895331953483,21.0,1,4.252942546341121,16.74705745365888,20.5,21.5
1175.0,16.457543087687984,16.687602803073656,-26.02065937823445,21.0,1,4.312397196926344,16.687602803073656,20.5,21.5
1176.0,16.44738368686601,16.66766407579417,-26.020424750400657,21.0,1,4.332335924205829,16.66766407579417,20.5,21.5
1177.0,16.437227750720258,16.775547882621016,-26.020191448769758,21.0,1,4.224452117378984,16.775547882621016,20.5,21.5
1178.0,16.42707527765376,16.73517054591067,-26.019959473657615,21.0,1,4.26482945408933,16.73517054591067,20.5,21.5
1179.0,16.41692626606999,16.75449351810531,-26.01972882537828,21.0,1,4.24550648189469,16.75449351810531,20.5,21.5
1180.0,16.40678071437284,16.679026102744494,-26.01949950424402,21.0,1,4.320973897255506,16.679026102744494,20.5,21.5
1181.0,16.396638620966634,16.704697443655114,-26.019271510565307,21.0,1,4.295302556344886,16.704697443655114,20.5,21.5
1182.0,16.386499984256123,16.590876261158932,-26.019044844650807,21.0,1,4.409123738841068,16.590876261158932,20.5,21.5
1183.0,16.37636480264649,16.546885969196275,-26.018819506807397,21.0,1,4.453114030803725,16.546885969196275,20.5,21.5
1184.0,16.366233074543338,16.50520419538573,-26.018595497340147,21.0,1,4.49479580461427,16.50520419538573,20.5,21.5
1185.0,16.35610479835271,16.672702281816818,-26.018372816552336,21.0,1,4.327297718183182,16.672702281816818,20.5,21.5
1186.0,16.345979972481075,16.655174350016274,-26.01815146474544,21.0,1,4.344825649983726,16.655174350016274,20.5,21.5
1187.0,16.33585859533533,16.746968936001746,-26.01793144221914,21.0,1,4.253031063998254,16.746968936001746,20.5,21.5
1188.0,16.32574066532281,16.838343365257074,-26.01771274927131,21.0,1,4.161656634742926,16.838343365257074,20.5,21.5
1189.0,16.31562618085128,16.782939380452646,-26.017495386198036,21.0,1,4.217060619547354,16.782939380452646,20.5,21.5
1190.0,16.30551514032893,16.64900230689196,-26.01727935329359,21.0,1,4.350997693108042,16.64900230689196,20.5,21.5
1191.0,16.295407542164387,16.649524443060006,-26.017064650850443,21.0,1,4.350475556939994,16.649524443060006,20.5,21.5
1192.0,16.285303384766717,16.558098149547572,-26.016851279159287,21.0,1,4.441901850452428,16.558098149547572,20.5,21.5
1193.0,16.275202666545407,16.458139301774587,-26.016639238508986,21.0,1,4.541860698225413,16.458139301774587,20.5,21.5
1194.0,16.26510538591039,16.438603089796338,-26.016428529186612,21.0,1,4.561396910203662,16.438603089796338,20.5,21.5
1195.0,16.255011541272022,16.474272529364296,-26.016219151477443,21.0,1,4.5257274706357045,16.474272529364296,20.5,21.5
1196.0,16.244921131041107,16.479139551133905,-26.016011105664937,21.0,1,4.520860448866095,16.479139551133905,20.5,21.5
1197.0,16.23483415362887,16.492097930755516,-26.01580439203076,21.0,1,4.507902069244484,16.492097930755516,20.5,21.5
1198.0,16.224750607446985,16.538964782900173,-26.01559901085477,21.0,1,4.461035217099827,16.538964782900173,20.5,21.5
1199.0,16.21467049090755,16.504494241535575,-26.01539496241503,21.0,1,4.495505758464425,16.504494241535575,20.5,21.5
1200.0,16.20459380242311,16.47821179211203,-26.015192246987795,21.0,1,4.521788207887969,16.47821179211203,20.5,21.5
1201.0,16.19452054040664,16.42051996788749,-26.014990864847498,21.0,1,4.57948003211251,16.42051996788749,20.5,21.5
1202.0,16.184450703271555,16.375684752672047,-26.01479081626679,21.0,1,4.624315247327953,16.375684752672047,20.5,21.5
1203.0,16.174384289431707,16.356499109605757,-26.01459210151651,21.0,1,4.643500890394243,16.356499109605757,20.5,21.5
1204.0,16.16432129730139,16.27037674939836,-26.014394720865685,21.0,1,4.729623250601641,16.27037674939836,20.5,21.5
1205.0,16.154261725295335,16.302874394251695,-26.01419867458154,21.0,1,4.697125605748305,16.302874394251695,20.5,21.5
1206.0,16.14420557182871,16.28071800525135,-26.014003962929493,21.0,1,4.719281994748648,16.28071800525135,20.5,21.5
1207.0,16.134152835317124,16.25127773718321,-26.01381058617316,21.0,1,4.748722262816791,16.25127773718321,20.5,21.5
1208.0,16.12410351417663,16.28599268965319,-26.013618544574342,21.0,1,4.714007310346808,16.28599268965319,20.5,21.5
1209.0,16.11405760682371,16.392883043158317,-26.01342783839303,21.0,1,4.607116956841683,16.392883043158317,20.5,21.5
1210.0,16.104015111675306,16.42406356997153,-26.01323846788742,21.0,1,4.57593643002847,16.42406356997153,20.5,21.5
1211.0,16.093976027148784,16.40823529064011,-26.013050433313893,21.0,1,4.5917647093598895,16.40823529064011,20.5,21.5
1212.0,16.083940351661962,16.43714126701679,-26.012863734927013,21.0,1,4.562858732983209,16.43714126701679,20.5,21.5
1213.0,16.0739080836331,16.380529614961958,-26.012678372979547,21.0,1,4.619470385038042,16.380529614961958,20.5,21.5
1214.0,16.063879221480896,16.398949710665818,-26.012494347722452,21.0,1,4.601050289334182,16.398949710665818,20.5,21.5
1215.0,16.053853763624495,16.246827690480604,-26.012311659404862,21.0,1,4.753172309519396,16.246827690480604,20.5,21.5
1216.0,16.043831708483484,16.255372905571953,-26.01213030827412,21.0,1,4.744627094428047,16.255372905571953,20.5,21.5
1217.0,16.0338130544779,16.23599009197947,-26.011950294575744,21.0,1,4.76400990802053,16.23599009197947,20.5,21.5
1218.0,16.023797800028216,16.17157910541059,-26.011771618553446,21.0,1,4.82842089458941,16.17157910541059,20.5,21.5
1219.0,16.013785943555355,16.2188662356894,-26.01159428044913,21.0,1,4.781133764310599,16.2188662356894,20.5,21.5
1220.0,16.003777483480686,16.26646940348948,-26.011418280502888,21.0,1,4.733530596510519,16.26646940348948,20.5,21.5
1221.0,15.993772418226024,16.30394538361346,-26.011243618952996,21.0,1,4.69605461638654,16.30394538361346,20.5,21.5
1222.0,15.983770746213631,16.316481612419146,-26.011070296035918,21.0,1,4.683518387580854,16.316481612419146,20.5,21.5
1223.0,15.973772465866215,16.357802825984674,-26.01089831198631,21.0,1,4.642197174015326,16.357802825984674,20.5,21.5
1224.0,15.963777575606931,16.287532931724858,-26.01072766703701,21.0,1,4.712467068275142,16.287532931724858,20.5,21.5
1225.0,15.953786073859384,16.274672048388613,-26.010558361419058,21.0,1,4.725327951611387,16.274672048388613,20.5,21.5
1226.0,15.943797959047624,16.071858160539097,-26.010390395361654,21.0,1,4.928141839460903,16.071858160539097,20.5,21.5
1227.0,15.933813229596154,16.09396390350252,-26.01022376909221,21.0,1,4.9060360964974805,16.09396390350252,20.5,21.5
1228.0,15.923831883929925,16.03102032673295,-26.010058482836314,21.0,1,4.96897967326705,16.03102032673295,20.5,21.5
1229.0,15.913853920474336,15.989672508724997,-26.009894536817733,21.0,1,5.010327491275003,15.989672508724997,20.5,21.5
1230.0,15.903879337655239,15.978401933819892,-26.00973193125843,21.0,1,5.021598066180108,15.978401933819892,20.5,21.5
1231.0,15.893908133898934,16.06015663615836,-26.00957066637855,21.0,1,4.939843363841639,16.06015663615836,20.5,21.5
1232.0,15.883940307632175,16.065658963835013,-26.00941074239642,21.0,1,4.934341036164987,16.065658963835013,20.5,21.5
1233.0,15.873975857282165,16.08720332024201,-26.009252159528558,21.0,1,4.912796679757989,16.08720332024201,20.5,21.5
1234.0,15.86401478127656,16.10632131050656,-26.009094917989657,21.0,1,4.893678689493441,16.10632131050656,20.5,21.5
1235.0,15.854057078043471,16.094688027545963,-26.008939017992603,21.0,1,4.905311972454037,16.094688027545963,20.5,21.5
1236.0,15.84410274601146,16.21194682118817,-26.00878445974846,21.0,1,4.788053178811829,16.21194682118817,20.5,21.5
1237.0,15.83415178360954,16.161137376872908,-26.008631243466475,21.0,1,4.838862623127092,16.161137376872908,20.5,21.5
1238.0,15.824204189267181,16.110489512149986,-26.008479369354088,21.0,1,4.889510487850014,16.110489512149986,20.5,21.5
1239.0,15.814259961414308,16.18496030543053,-26.008328837616908,21.0,1,4.815039694569471,16.18496030543053,20.5,21.5
1240.0,15.804319098481297,16.124768990371646,-26.008179648458736,21.0,1,4.875231009628354,16.124768990371646,20.5,21.5
1241.0,15.794381598898983,15.999213470328439,-26.008031802081554,21.0,1,5.0007865296715615,15.999213470328439,20.5,21.5
1242.0,15.784447461098656,15.949549230901866,-26.007885298685522,21.0,1,5.050450769098134,15.949549230901866,20.5,21.5
1243.0,15.774516683512061,15.96095441685548,-26.007740138468982,21.0,1,5.039045583144519,15.96095441685548,20.5,21.5
1244.0,15.7645892645714,15.883318956174122,-26.00759632162847,21.0,1,5.116681043825878,15.883318956174122,20.5,21.5
1245.0,15.754665202709333,15.95154917284332,-26.00745384835868,21.0,1,5.04845082715668,15.95154917284332,20.5,21.5
1246.0,15.744744496358978,15.959473080225546,-26.007312718852504,21.0,1,5.040526919774454,15.959473080225546,20.5,21.5
1247.0,15.734827143953908,15.901203870202078,-26.007172933301018,21.0,1,5.098796129797922,15.901203870202078,20.5,21.5
1248.0,15.724913143928156,15.98391705236968,-26.007034491893464,21.0,1,5.01608294763032,15.98391705236968,20.5,21.5
1249.0,15.715002494716215,15.96957745000395,-26.006897394817273,21.0,1,5.03042254999605,15.96957745000395,20.5,21.5
1250.0,15.705095194753037,15.907328581637694,-26.006761642258056,21.0,1,5.092671418362306,15.907328581637694,20.5,21.5
1251.0,15.695191242474033,15.963336309277741,-26.006627234399602,21.0,1,5.036663690722259,15.963336309277741,20.5,21.5
1252.0,15.685290636315075,15.985746993051109,-26.00649417142388,21.0,1,5.014253006948891,15.985746993051109,20.5,21.5
1253.0,15.675393374712495,15.876414007179198,-26.006362453511038,21.0,1,5.123585992820802,15.876414007179198,20.5,21.5
1254.0,15.665499456103088,15.867453498828368,-26.006232080839403,21.0,1,5.132546501171632,15.867453498828368,20.5,21.5
1255.0,15.655608878924108,15.889397089129329,-26.00610305358548,21.0,1,5.110602910870671,15.889397089129329,20.5,21.5
1256.0,15.645721641613271,15.906519265068436,-26.005975371923952,21.0,1,5.093480734931564,15.906519265068436,20.5,21.5
1257.0,15.635837742608759,15.981345054857261,-26.005849036027683,21.0,1,5.018654945142739,15.981345054857261,20.5,21.5
1258.0,15.625957180349213,16.03914767739104,-26.005724046067716,21.0,1,4.960852322608961,16.03914767739104,20.5,21.5
1259.0,15.61607995327374,15.968545956158113,-26.005600402213265,21.0,1,5.031454043841887,15.968545956158113,20.5,21.5
1260.0,15.606206059821911,15.939163290741174,-26.005478104631727,21.0,1,5.060836709258826,15.939163290741174,20.5,21.5
1261.0,15.59633549843376,15.899069017656734,-26.005357153488674,21.0,1,5.100930982343266,15.899069017656734,20.5,21.5
1262.0,15.586468267549785,15.775652065734368,-26.00523754894786,21.0,1,5.224347934265632,15.775652065734368,20.5,21.5
1263.0,15.576604365610953,15.80343669574719,-26.005119291171212,21.0,1,5.196563304252811,15.80343669574719,20.5,21.5
1264.0,15.566743791058691,15.735163442216725,-26.005002380318828,21.0,1,5.2648365577832745,15.735163442216725,20.5,21.5
1265.0,15.5568865423349,15.732493040300687,-26.004886816548996,21.0,1,5.267506959699313,15.732493040300687,20.5,21.5
1266.0,15.547032617881937,15.636788106536628,-26.00477260001817,21.0,1,5.363211893463372,15.636788106536628,20.5,21.5
1267.0,15.537182016142637,15.715322869348862,-26.00465973088098,21.0,1,5.284677130651138,15.715322869348862,20.5,21.5
1268.0,15.527334735560295,15.659679217480953,-26.004548209290235,21.0,1,5.340320782519047,15.659679217480953,20.5,21.5
1269.0,15.517490774578679,15.786411875449208,-26.00443803539692,21.0,1,5.2135881245507925,15.786411875449208,20.5,21.5
1270.0,15.50765013164202,15.701735456530212,-26.004329209350196,21.0,1,5.298264543469788,15.701735456530212,20.5,21.5
1271.0,15.497812805195023,15.807012125722398,-26.004221731297395,21.0,1,5.192987874277602,15.807012125722398,20.5,21.5
1272.0,15.48797879368286,15.83837759629906,-26.00411560138403,21.0,1,5.161622403700941,15.83837759629906,20.5,21.5
1273.0,15.478148095551171,15.856115125987163,-26.00401081975378,21.0,1,5.143884874012837,15.856115125987163,20.5,21.5
1274.0,15.46832070924607,15.782109447829328,-26.003907386548512,21.0,1,5.217890552170672,15.782109447829328,20.5,21.5
1275.0,15.45849663321414,15.845541184953598,-26.003805301908255,21.0,1,5.154458815046402,15.845541184953598,20.5,21.5
1276.0,15.448675865902432,15.776164659993503,-26.003704565971216,21.0,1,5.223835340006497,15.776164659993503,20.5,21.5
1277.0,15.438858405758474,15.677825042029522,-26.003605178873777,21.0,1,5.3221749579704785,15.677825042029522,20.5,21.5
1278.0,15.429044251230263,15.684321732935794,-26.003507140750497,21.0,1,5.3156782670642055,15.684321732935794,20.5,21.5
1279.0,15.419233400766268,15.723764526721675,-26.003410451734098,21.0,1,5.276235473278325,15.723764526721675,20.5,21.5
1280.0,15.409425852815435,15.658014278026153,-26.003315111955494,21.0,1,5.341985721973847,15.658014278026153,20.5,21.5
1281.0,15.399621605827178,15.605034192761817,-26.003221121543753,21.0,1,5.394965807238183,15.605034192761817,20.5,21.5
1282.0,15.389820658251388,15.615976105970493,-26.003128480626124,21.0,1,5.384023894029507,15.615976105970493,20.5,21.5
1283.0,15.380023008538428,15.64058069547744,-26.003037189328037,21.0,1,5.359419304522561,15.64058069547744,20.5,21.5
1284.0,15.370228655139138,15.59368274986671,-26.00294724777308,21.0,1,5.40631725013329,15.59368274986671,20.5,21.5
1285.0,15.360437596504834,15.619804942800675,-26.00285865608302,21.0,1,5.380195057199325,15.619804942800675,20.5,21.5
1286.0,15.350649831087305,15.697496110553667,-26.002771414377804,21.0,1,5.302503889446333,15.697496110553667,20.5,21.5
1287.0,15.340865357338815,15.72296599569537,-26.002685522775543,21.0,1,5.27703400430463,15.72296599569537,20.5,21.5
1288.0,15.33108417371211,15.678944397513101,-26.002600981392515,21.0,1,5.321055602486899,15.678944397513101,20.5,21.5
1289.0,15.321306278660408,15.57745285512093,-26.002517790343184,21.0,1,5.42254714487907,15.57745285512093,20.5,21.5
1290.0,15.311531670637407,15.625868835124157,-26.002435949740175,21.0,1,5.374131164875843,15.625868835124157,20.5,21.5
1291.0,15.301760348097282,15.514166274119054,-26.002355459694293,21.0,1,5.485833725880946,15.514166274119054,20.5,21.5
1292.0,15.291992309494685,15.464815137942953,-26.0022763203145,21.0,1,5.535184862057047,15.464815137942953,20.5,21.5
1293.0,15.282227553284748,15.363204829524914,-26.00219853170795,21.0,1,5.636795170475086,15.363204829524914,20.5,21.5
1294.0,15.272466077923085,15.426218583646426,-26.002122093979953,21.0,1,5.573781416353574,15.426218583646426,20.5,21.5
1295.0,15.262707881865783,15.4098463315672,-26.00204700723399,21.0,1,5.5901536684328,15.4098463315672,20.5,21.5
1296.0,15.252952963569417,15.438104917884885,-26.001973271571728,21.0,1,5.5618950821151145,15.438104917884885,20.5,21.5
1297.0,15.243201321491036,15.377128258108192,-26.001900887092987,21.0,1,5.622871741891808,15.377128258108192,20.5,21.5
1298.0,15.233452954088174,15.403071859375842,-26.001829853895764,21.0,1,5.596928140624158,15.403071859375842,20.5,21.5
1299.0,15.223707859818846,15.45959017856401,-26.001760172076235,21.0,1,5.54040982143599,15.45959017856401,20.5,21.5
1300.0,15.213966037141548,15.405897722567241,-26.001691841728732,21.0,1,5.594102277432759,15.405897722567241,20.5,21.5
1301.0,15.204227484515258,15.430992466286252,-26.001624862945768,21.0,1,5.569007533713748,15.430992466286252,20.5,21.5
1302.0,15.194492200399438,15.408007447212086,-26.00155923581802,21.0,1,5.591992552787914,15.408007447212086,20.5,21.5
1303.0,15.184760183254031,15.36990702330994,-26.00149496043434,21.0,1,5.63009297669006,15.36990702330994,20.5,21.5
1304.0,15.175031431539468,15.32899486047036,-26.001432036881745,21.0,1,5.67100513952964,15.32899486047036,20.5,21.5
1305.0,15.16530594371666,15.387458087976796,-26.001370465245426,21.0,1,5.612541912023204,15.387458087976796,20.5,21.5
1306.0,15.155583718247007,15.366433753241086,-26.001310245608742,21.0,1,5.633566246758914,15.366433753241086,20.5,21.5
1307.0,15.145864753592388,15.472015696306505,-26.001251378053226,21.0,1,5.527984303693495,15.472015696306505,20.5,21.5
1308.0,15.136149048215174,15.45569104891311,-26.001193862658567,21.0,1,5.54430895108689,15.45569104891311,20.5,21.5
1309.0,15.126436600578216,15.429387427053488,-26.001137699502635,21.0,1,5.570612572946512,15.429387427053488,20.5,21.5
1310.0,15.116727409144856,15.314132568556607,-26.001082888661475,21.0,1,5.685867431443393,15.314132568556607,20.5,21.5
1311.0,15.10702147237892,15.232591553724953,-26.001029430209286,21.0,1,5.767408446275047,15.232591553724953,20.5,21.5
1312.0,15.097318788744724,15.18201761732752,-26.000977324218443,21.0,1,5.817982382672479,15.18201761732752,20.5,21.5
1313.0,15.08761935670707,15.1833086709848,-26.00092657075949,21.0,1,5.8166913290152,15.1833086709848,20.5,21.5
1314.0,15.077923174731247,15.258411148271838,-26.00087716990114,21.0,1,5.741588851728162,15.258411148271838,20.5,21.5
1315.0,15.068230241283036,15.441385626352693,-26.00082912171028,21.0,1,5.558614373647307,15.441385626352693,20.5,21.5
1316.0,15.058540554828705,15.421781760714008,-26.000782426251952,21.0,1,5.578218239285992,15.421781760714008,20.5,21.5
1317.0,15.048854113835011,15.358214393480864,-26.000737083589378,21.0,1,5.641785606519136,15.358214393480864,20.5,21.5
1318.0,15.039170916769203,15.294612432847597,-26.000693093783948,21.0,1,5.705387567152403,15.294612432847597,20.5,21.5
1319.0,15.029490962099018,15.155961474923615,-26.000650456895215,21.0,1,5.844038525076385,15.155961474923615,20.5,21.5
1320.0,15.019814248292686,14.901875512450065,-26.000609172980905,21.0,1,6.098124487549935,14.901875512450065,20.5,21.5
1321.0,15.010140773818929,14.969919807862158,-26.00056924209691,21.0,1,6.0300801921378415,14.969919807862158,20.5,21.5
1322.0,15.000470537146956,15.056693767356856,-26.000530664297287,21.0,1,5.943306232643144,15.056693767356856,20.5,21.5
1323.0,14.990803536746474,15.032276122449122,-26.00049343963427,21.0,1,5.967723877550878,15.032276122449122,20.5,21.5
1324.0,14.981139771087681,15.120390680252584,-26.000457568158254,21.0,1,5.879609319747416,15.120390680252584,20.5,21.5
1325.0,14.971479238641265,15.143863498259753,-26.0004230499178,21.0,1,5.856136501740247,15.143863498259753,20.5,21.5
1326.0,14.961821937878412,15.146761576977696,-26.000389884959645,21.0,1,5.8532384230223045,15.146761576977696,20.5,21.5
1327.0,14.952167867270798,15.120994691267985,-26.00035807332869,21.0,1,5.879005308732015,15.120994691267985,20.5,21.5
1328.0,14.942517025290599,15.222204555014182,-26.000327615068002,21.0,1,5.777795444985818,15.222204555014182,20.5,21.5
1329.0,14.932869410410479,15.115055206533821,-26.00029851021882,21.0,1,5.884944793466179,15.115055206533821,20.5,21.5
1330.0,14.923225021103603,15.204828399598691,-26.000270758820538,21.0,1,5.795171600401309,15.204828399598691,20.5,21.5
1331.0,14.913583855843628,15.243826774211286,-26.000244360910738,21.0,1,5.756173225788714,15.243826774211286,20.5,21.5
1332.0,14.90394591310471,15.095496520060616,-26.000219316525154,21.0,1,5.904503479939384,15.095496520060616,20.5,21.5
1333.0,14.894311191361501,15.052928593621136,-26.000195625697692,21.0,1,5.947071406378864,15.052928593621136,20.5,21.5
1334.0,14.884679689089149,15.01939394828356,-26.00017328846043,21.0,1,5.980606051716441,15.01939394828356,20.5,21.5
1335.0,14.8750514047633,14.906734435694489,-26.00015230484361,21.0,1,6.093265564305511,14.906734435694489,20.5,21.5
1336.0,14.865426336860097,14.894205444888616,-26.000132674875633,21.0,1,6.105794555111384,14.894205444888616,20.5,21.5
1337.0,14.855804483856184,14.997940965846954,-26.00011439858308,21.0,1,6.002059034153046,14.997940965846954,20.5,21.5
1338.0,14.846185844228705,15.068227915359818,-26.000097475990696,21.0,1,5.931772084640182,15.068227915359818,20.5,21.5
1339.0,14.836570416455299,15.075246553621014,-26.00008190712139,21.0,1,5.924753446378986,15.075246553621014,20.5,21.5
1340.0,14.826958199014106,15.124521539854948,-26.000067691996236,21.0,1,5.875478460145052,15.124521539854948,20.5,21.5
1341.0,14.81734919038377,15.050745255150133,-26.00005483063449,21.0,1,5.949254744849867,15.050745255150133,20.5,21.5
1342.0,14.80774338904343,15.029699875470545,-26.000043323053553,21.0,1,5.970300124529455,15.029699875470545,20.5,21.5
1343.0,14.798140793472731,14.933117645902456,-26.00003316926901,21.0,1,6.066882354097544,14.933117645902456,20.5,21.5
1344.0,14.788541402151818,15.057153378789138,-26.000024369294607,21.0,1,5.942846621210862,15.057153378789138,20.5,21.5
1345.0,14.778945213561336,15.062516055099698,-26.000016923142255,21.0,1,5.937483944900302,15.062516055099698,20.5,21.5
1346.0,14.769352226182434,15.028231752380378,-26.000010830822042,21.0,1,5.971768247619622,15.028231752380378,20.5,21.5
1347.0,14.759762438496766,15.044351070600396,-26.00000609234221,21.0,1,5.955648929399604,15.044351070600396,20.5,21.5
1348.0,14.750175848986487,15.123496523744521,-26.00000270770918,21.0,1,5.876503476255479,15.123496523744521,20.5,21.5
1349.0,14.740592456134255,15.088154312059583,-26.000000676927524,21.0,1,5.911845687940417,15.088154312059583,20.5,21.5
1350.0,14.731012258423235,15.05089233294857,-26.0,21.0,1,5.949107667051431,15.05089233294857,20.5,21.5
1351.0,14.721435254337093,15.120646604855711,-26.000000676927524,21.0,1,5.879353395144289,15.120646604855711,20.5,21.5
1352.0,14.711861442360005,15.147033712047422,-26.00000270770918,21.0,1,5.852966287952578,15.147033712047422,20.5,21.5
1353.0,14.70229082097665,15.11715691135594,-26.00000609234221,21.0,1,5.88284308864406,15.11715691135594,20.5,21.5
1354.0,14.69272338867221,15.048605111883381,-26.000010830822042,21.0,1,5.951394888116619,15.048605111883381,20.5,21.5
1355.0,14.683159143932379,15.029012292926106,-26.000016923142255,21.0,1,5.970987707073894,15.029012292926106,20.5,21.5
1356.0,14.673598085243354,15.015026939201118,-26.000024369294607,21.0,1,5.9849730607988825,15.015026939201118,20.5,21.5
1357.0,14.66404021109184,14.90392891094029,-26.00003316926901,21.0,1,6.096071089059709,14.90392891094029,20.5,21.5
1358.0,14.654485519965053,14.897844400666646,-26.000043323053553,21.0,1,6.102155599333354,14.897844400666646,20.5,21.5
1359.0,14.644934010350713,14.796104923217232,-26.00005483063449,21.0,1,6.203895076782768,14.796104923217232,20.5,21.5
1360.0,14.635385680737052,14.922133409316888,-26.000067691996236,21.0,1,6.0778665906831115,14.922133409316888,20.5,21.5
1361.0,14.625840529612807,14.849390224814318,-26.00008190712139,21.0,1,6.150609775185682,14.849390224814318,20.5,21.5
1362.0,14.616298555467228,14.952945077335576,-26.000097475990696,21.0,1,6.047054922664424,14.952945077335576,20.5,21.5
1363.0,14.606759756790076,14.900882015462406,-26.00011439858308,21.0,1,6.099117984537594,14.900882015462406,20.5,21.5
1364.0,14.597224132071618,15.006584359581884,-26.000132674875633,21.0,1,5.993415640418116,15.006584359581884,20.5,21.5
1365.0,14.587691679802635,14.822286923130426,-26.00015230484361,21.0,1,6.1777130768695745,14.822286923130426,20.5,21.5
1366.0,14.57816239847442,14.799492721655236,-26.00017328846043,21.0,1,6.200507278344764,14.799492721655236,20.5,21.5
1367.0,14.568636286578775,14.74023892524898,-26.000195625697692,21.0,1,6.259761074751021,14.74023892524898,20.5,21.5
1368.0,14.559113342608017,14.724843061377792,-26.000219316525154,21.0,1,6.275156938622208,14.724843061377792,20.5,21.5
1369.0,14.549593565054971,14.769548333285652,-26.000244360910738,21.0,1,6.230451666714348,14.769548333285652,20.5,21.5
1370.0,14.540076952412983,14.809223376345503,-26.000270758820538,21.0,1,6.1907766236544965,14.809223376345503,20.5,21.5
1371.0,14.530563503175905,14.872342515936552,-26.00029851021882,21.0,1,6.127657484063448,14.872342515936552,20.5,21.5
1372.0,14.521053215838107,14.861428193963278,-26.000327615068002,21.0,1,6.1385718060367225,14.861428193963278,20.5,21.5
1373.0,14.511546088894471,14.837414372172333,-26.00035807332869,21.0,1,6.162585627827667,14.837414372172333,20.5,21.5
1374.0,14.502042120840397,14.749023759537824,-26.000389884959645,21.0,1,6.250976240462176,14.749023759537824,20.5,21.5
1375.0,14.492541310171797,14.824230084162656,-26.0004230499178,21.0,1,6.1757699158373445,14.824230084162656,20.5,21.5
1376.0,14.4830436553851,14.798076821090328,-26.000457568158254,21.0,1,6.201923178909672,14.798076821090328,20.5,21.5
1377.0,14.47354915497725,14.765513871006817,-26.00049343963427,21.0,1,6.234486128993183,14.765513871006817,20.5,21.5
1378.0,14.464057807445714,14.773250767638398,-26.000530664297287,21.0,1,6.226749232361602,14.773250767638398,20.5,21.5
1379.0,14.454569611288466,14.70364208683434,-26.00056924209691,21.0,1,6.296357913165661,14.70364208683434,20.5,21.5
1380.0,14.445084565004004,14.645799459418276,-26.000609172980905,21.0,1,6.354200540581724,14.645799459418276,20.5,21.5
1381.0,14.435602667091342,14.584104809142897,-26.000650456895215,21.0,1,6.415895190857103,14.584104809142897,20.5,21.5
1382.0,14.426123916050013,14.499961186388935,-26.000693093783948,21.0,1,6.500038813611065,14.499961186388935,20.5,21.5
1383.0,14.416648310380069,14.413588190708577,-26.000737083589378,21.0,1,6.586411809291423,14.413588190708577,20.5,21.5
1384.0,14.407175848582078,14.471267323707854,-26.000782426251952,21.0,1,6.528732676292146,14.471267323707854,20.5,21.5
1385.0,14.397706529157134,14.537448451909418,-26.00082912171028,21.0,1,6.462551548090582,14.537448451909418,20.5,21.5
1386.0,14.388240350606845,14.495501825239089,-26.00087716990114,21.0,1,6.504498174760911,14.495501825239089,20.5,21.5
1387.0,14.378777311433343,14.533567497286864,-26.00092657075949,21.0,1,6.466432502713136,14.533567497286864,20.5,21.5
1388.0,14.369317410139278,14.52367676339168,-26.000977324218443,21.0,1,6.476323236608319,14.52367676339168,20.5,21.5
1389.0,14.359860645227824,14.489519256093349,-26.001029430209286,21.0,1,6.510480743906651,14.489519256093349,20.5,21.5
1390.0,14.350407015202679,14.376932226013404,-26.001082888661475,21.0,1,6.623067773986596,14.376932226013404,20.5,21.5
1391.0,14.340956518568058,14.367232799860028,-26.001137699502635,21.0,1,6.632767200139972,14.367232799860028,20.5,21.5
1392.0,14.331509153828701,14.359700109323025,-26.001193862658567,21.0,1,6.640299890676975,14.359700109323025,20.5,21.5
1393.0,14.322064919489872,14.406387256043256,-26.001251378053226,21.0,1,6.593612743956744,14.406387256043256,20.5,21.5
1394.0,14.312623814057357,14.474216908357437,-26.001310245608742,21.0,1,6.5257830916425625,14.474216908357437,20.5,21.5
1395.0,14.303185836037468,14.532799349138122,-26.001370465245426,21.0,1,6.467200650861878,14.532799349138122,20.5,21.5
1396.0,14.29375098393704,14.53933719336735,-26.001432036881745,21.0,1,6.46066280663265,14.53933719336735,20.5,21.5
1397.0,14.284319256263434,14.624565713828611,-26.001494960434336,21.0,1,6.375434286171389,14.624565713828611,20.5,21.5
1398.0,14.274890651524535,14.681132963278941,-26.00155923581802,21.0,1,6.318867036721059,14.681132963278941,20.5,21.5
1399.0,14.265465168228754,14.635298642362178,-26.001624862945768,21.0,1,6.364701357637822,14.635298642362178,20.5,21.5
1400.0,14.256042804885029,14.494496646371818,-26.001691841728732,21.0,1,6.505503353628182,14.494496646371818,20.5,21.5
1401.0,14.246623560002824,14.443364527393438,-26.001760172076235,21.0,1,6.556635472606562,14.443364527393438,20.5,21.5
1402.0,14.23720743209213,14.409615596973515,-26.001829853895764,21.0,1,6.590384403026485,14.409615596973515,20.5,21.5
1403.0,14.227794419663468,14.326123101974854,-26.001900887092987,21.0,1,6.673876898025146,14.326123101974854,20.5,21.5
1404.0,14.218384521227883,14.345978787057245,-26.001973271571728,21.0,1,6.654021212942755,14.345978787057245,20.5,21.5
1405.0,14.20897773529695,14.343067908647674,-26.00204700723399,21.0,1,6.656932091352326,14.343067908647674,20.5,21.5
1406.0,14.199574060382773,14.376413864351445,-26.002122093979953,21.0,1,6.623586135648555,14.376413864351445,20.5,21.5
1407.0,14.190173494997985,14.276080998901199,-26.00219853170795,21.0,1,6.7239190010988015,14.276080998901199,20.5,21.5
1408.0,14.18077603765575,14.237166848493464,-26.0022763203145,21.0,1,6.762833151506536,14.237166848493464,20.5,21.5
1409.0,14.17138168686976,14.198984764215657,-26.002355459694293,21.0,1,6.801015235784343,14.198984764215657,20.5,21.5
1410.0,14.161990441154238,14.209539345617012,-26.002435949740175,21.0,1,6.790460654382988,14.209539345617012,20.5,21.5
1411.0,14.15260229902394,14.214426244853337,-26.002517790343184,21.0,1,6.785573755146663,14.214426244853337,20.5,21.5
1412.0,14.14321725899415,14.310797370401172,-26.002600981392515,21.0,1,6.689202629598828,14.310797370401172,20.5,21.5
1413.0,14.133835319580689,14.427522732593815,-26.002685522775543,21.0,1,6.572477267406185,14.427522732593815,20.5,21.5
1414.0,14.124456479299903,14.37386078294509,-26.002771414377804,21.0,1,6.626139217054909,14.37386078294509,20.5,21.5
1415.0,14.115080736668677,14.40266416967981,-26.00285865608302,21.0,1,6.5973358303201906,14.40266416967981,20.5,21.5
1416.0,14.105708090204427,14.513193089519167,-26.00294724777308,21.0,1,6.4868069104808335,14.513193089519167,20.5,21.5
1417.0,14.096338538425101,14.453805789636874,-26.003037189328037,21.0,1,6.546194210363126,14.453805789636874,20.5,21.5
1418.0,14.086972079849183,14.408627936776313,-26.003128480626124,21.0,1,6.591372063223687,14.408627936776313,20.5,21.5
1419.0,14.07760871299569,14.43661485593013,-26.003221121543753,21.0,1,6.563385144069869,14.43661485593013,20.5,21.5
1420.0,14.068248436384177,14.469435350594296,-26.003315111955494,21.0,1,6.530564649405704,14.469435350594296,20.5,21.5
1421.0,14.058891248534731,14.422673125864074,-26.003410451734098,21.0,1,6.577326874135926,14.422673125864074,20.5,21.5
1422.0,14.049537147967975,14.416086044766914,-26.003507140750497,21.0,1,6.583913955233086,14.416086044766914,20.5,21.5
1423.0,14.040186133205069,14.359870070911331,-26.003605178873777,21.0,1,6.640129929088669,14.359870070911331,20.5,21.5
1424.0,14.03083820276771,14.321103446642747,-26.003704565971216,21.0,1,6.678896553357253,14.321103446642747,20.5,21.5
1425.0,14.02149335517813,14.294618564238522,-26.003805301908255,21.0,1,6.705381435761478,14.294618564238522,20.5,21.5
1426.0,14.012151588959101,14.287726852270893,-26.003907386548512,21.0,1,6.712273147729107,14.287726852270893,20.5,21.5
1427.0,14.002812902633933,14.21977148282194,-26.00401081975378,21.0,1,6.78022851717806,14.21977148282194,20.5,21.5
1428.0,13.99347729472647,14.219037543697223,-26.00411560138403,21.0,1,6.7809624563027775,14.219037543697223,20.5,21.5
1429.0,13.9841447637611,14.283247740553245,-26.004221731297395,21.0,1,6.716752259446755,14.283247740553245,20.5,21.5
1430.0,13.974815308262746,14.170617213439801,-26.004329209350196,21.0,1,6.829382786560199,14.170617213439801,20.5,21.5
1431.0,13.965488926756876,14.172260265206404,-26.00443803539692,21.0,1,6.827739734793596,14.172260265206404,20.5,21.5
1432.0,13.956165617769491,14.299362871914843,-26.004548209290235,21.0,1,6.700637128085157,14.299362871914843,20.5,21.5
1433.0,13.946845379827138,14.249799724668094,-26.00465973088098,21.0,1,6.750200275331906,14.249799724668094,20.5,21.5
1434.0,13.937528211456902,14.286977652475537,-26.00477260001817,21.0,1,6.713022347524463,14.286977652475537,20.5,21.5
1435.0,13.92821411118641,14.358321924584065,-26.004886816548996,21.0,1,6.6416780754159355,14.358321924584065,20.5,21.5
1436.0,13.918903077543831,14.297150768604174,-26.005002380318828,21.0,1,6.702849231395826,14.297150768604174,20.5,21.5
1437.0,13.909595109057877,14.204993606265727,-26.005119291171212,21.0,1,6.795006393734273,14.204993606265727,20.5,21.5
1438.0,13.9002902042578,14.202074335639423,-26.00523754894786,21.0,1,6.7979256643605765,14.202074335639423,20.5,21.5
1439.0,13.890988361673399,14.19526900556055,-26.005357153488674,21.0,1,6.804730994439449,14.19526900556055,20.5,21.5
1440.0,13.881689579835012,14.358065672199723,-26.005478104631727,21.0,1,6.641934327800277,14.358065672199723,20.5,21.5
1441.0,13.872393857273522,14.301125601967836,-26.005600402213265,21.0,1,6.698874398032164,14.301125601967836,20.5,21.5
1442.0,13.863101192520359,14.296288461285886,-26.005724046067716,21.0,1,6.7037115387141135,14.296288461285886,20.5,21.5
1443.0,13.853811584107497,14.315047811150857,-26.005849036027683,21.0,1,6.684952188849143,14.315047811150857,20.5,21.5
1444.0,13.844525030567452,14.226250116242639,-26.005975371923952,21.0,1,6.773749883757361,14.226250116242639,20.5,21.5
1445.0,13.835241530433288,13.995797339045126,-26.00610305358548,21.0,1,7.004202660954874,13.995797339045126,20.5,21.5
1446.0,13.825961082238615,13.993906289680194,-26.006232080839403,21.0,1,7.006093710319806,13.993906289680194,20.5,21.5
1447.0,13.816683684517589,14.019751131198145,-26.006362453511038,21.0,1,6.980248868801855,14.019751131198145,20.5,21.5
1448.0,13.807409335804913,13.95824501565804,-26.00649417142388,21.0,1,7.04175498434196,13.95824501565804,20.5,21.5
1449.0,13.798138034635837,13.87922183076376,-26.006627234399602,21.0,1,7.120778169236241,13.87922183076376,20.5,21.5
1450.0,13.78886977954616,13.968406931593481,-26.006761642258056,21.0,1,7.031593068406519,13.968406931593481,20.5,21.5
1451.0,13.779604569072225,13.973856160089108,-26.006897394817273,21.0,1,7.026143839910892,13.973856160089108,20.5,21.5
1452.0,13.770342401750929,13.95497604128759,-26.007034491893464,21.0,1,7.0450239587124095,13.95497604128759,20.5,21.5
1453.0,13.761083276119715,13.937529747186176,-26.007172933301018,21.0,1,7.062470252813824,13.937529747186176,20.5,21.5
1454.0,13.751827190716575,13.936779616614036,-26.007312718852504,21.0,1,7.063220383385964,13.936779616614036,20.5,21.5
1455.0,13.742574144080052,13.901406750705718,-26.00745384835868,21.0,1,7.098593249294282,13.901406750705718,20.5,21.5
1456.0,13.733324134749239,13.876121472377879,-26.00759632162847,21.0,1,7.1238785276221215,13.876121472377879,20.5,21.5
1457.0,13.72407716126378,13.881607165971477,-26.007740138468982,21.0,1,7.118392834028523,13.881607165971477,20.5,21.5
1458.0,13.71483322216387,13.91467255024907,-26.007885298685522,21.0,1,7.085327449750929,13.91467255024907,20.5,21.5
1459.0,13.705592315990254,13.861665662490315,-26.008031802081554,21.0,1,7.138334337509685,13.861665662490315,20.5,21.5
1460.0,13.69635444128423,13.910362247464443,-26.008179648458736,21.0,1,7.089637752535557,13.910362247464443,20.5,21.5
1461.0,13.68711959658765,13.876869912483532,-26.008328837616908,21.0,1,7.1231300875164685,13.876869912483532,20.5,21.5
1462.0,13.677887780442914,13.766069245593958,-26.008479369354088,21.0,1,7.2339307544060425,13.766069245593958,20.5,21.5
1463.0,13.66865899139298,13.81721993547606,-26.008631243466475,21.0,1,7.182780064523939,13.81721993547606,20.5,21.5
1464.0,13.659433227981362,13.910859729681125,-26.00878445974846,21.0,1,7.089140270318875,13.910859729681125,20.5,21.5
1465.0,13.65021048875212,13.769732189709378,-26.008939017992603,21.0,1,7.230267810290622,13.769732189709378,20.5,21.5
1466.0,13.640990772249872,13.723008493775131,-26.009094917989657,21.0,1,7.276991506224869,13.723008493775131,20.5,21.5
1467.0,13.631774077019791,13.852363103843624,-26.009252159528558,21.0,1,7.147636896156376,13.852363103843624,20.5,21.5
1468.0,13.62256040160761,13.83870510059138,-26.00941074239642,21.0,1,7.16129489940862,13.83870510059138,20.5,21.5
1469.0,13.613349744559608,13.864241891417986,-26.00957066637855,21.0,1,7.135758108582014,13.864241891417986,20.5,21.5
1470.0,13.604142104422628,13.82118431966496,-26.00973193125843,21.0,1,7.17881568033504,13.82118431966496,20.5,21.5
1471.0,13.594937479744068,13.915780743303452,-26.009894536817733,21.0,1,7.084219256696548,13.915780743303452,20.5,21.5
1472.0,13.58573586907188,13.787693355838082,-26.010058482836314,21.0,1,7.212306644161918,13.787693355838082,20.5,21.5
1473.0,13.576537270954578,13.836186301824664,-26.01022376909221,21.0,1,7.1638136981753355,13.836186301824664,20.5,21.5
1474.0,13.56734168394123,13.717241610420194,-26.010390395361654,21.0,1,7.282758389579806,13.717241610420194,20.5,21.5
1475.0,13.558149106581462,13.890706743361822,-26.010558361419058,21.0,1,7.109293256638178,13.890706743361822,20.5,21.5
1476.0,13.548959537425462,13.784489358536678,-26.01072766703701,21.0,1,7.215510641463322,13.784489358536678,20.5,21.5
1477.0,13.539772975023975,13.757576655960511,-26.01089831198631,21.0,1,7.242423344039489,13.757576655960511,20.5,21.5
1478.0,13.530589417928306,13.722477608237677,-26.011070296035918,21.0,1,7.277522391762323,13.722477608237677,20.5,21.5
1479.0,13.521408864690319,13.776592105890824,-26.011243618952996,21.0,1,7.223407894109176,13.776592105890824,20.5,21.5
1480.0,13.512231313862438,13.690769982443445,-26.011418280502888,21.0,1,7.309230017556555,13.690769982443445,20.5,21.5
1481.0,13.50305676399765,13.701370384177405,-26.01159428044913,21.0,1,7.298629615822595,13.701370384177405,20.5,21.5
1482.0,13.4938852136495,13.766419911784652,-26.011771618553446,21.0,1,7.233580088215348,13.766419911784652,20.5,21.5
1483.0,13.484716661372099,13.652351526872081,-26.011950294575744,21.0,1,7.347648473127919,13.652351526872081,20.5,21.5
1484.0,13.475551105720116,13.578880463853144,-26.01213030827412,21.0,1,7.421119536146856,13.578880463853144,20.5,21.5
1485.0,13.466388545248785,13.555417833256538,-26.012311659404862,21.0,1,7.444582166743462,13.555417833256538,20.5,21.5
1486.0,13.4572289785139,13.599246894641947,-26.012494347722452,21.0,1,7.400753105358053,13.599246894641947,20.5,21.5
1487.0,13.448072404071821,13.60898174662955,-26.012678372979547,21.0,1,7.391018253370451,13.60898174662955,20.5,21.5
1488.0,13.43891882047947,13.777438742022463,-26.012863734927013,21.0,1,7.222561257977537,13.777438742022463,20.5,21.5
1489.0,13.429768226294335,13.82187073588903,-26.013050433313893,21.0,1,7.17812926411097,13.82187073588903,20.5,21.5
1490.0,13.420620620074466,13.763165175670917,-26.01323846788742,21.0,1,7.236834824329083,13.763165175670917,20.5,21.5
1491.0,13.411476000378478,13.807861499992146,-26.013427838393028,21.0,1,7.192138500007854,13.807861499992146,20.5,21.5
1492.0,13.402334365765554,13.65798762645627,-26.013618544574342,21.0,1,7.34201237354373,13.65798762645627,20.5,21.5
1493.0,13.393195714795441,13.493095424275381,-26.01381058617316,21.0,1,7.506904575724619,13.493095424275381,20.5,21.5
1494.0,13.384060046028452,13.465699565451171,-26.014003962929493,21.0,1,7.534300434548829,13.465699565451171,20.5,21.5
1495.0,13.374927358025467,13.50420764274528,-26.01419867458154,21.0,1,7.49579235725472,13.50420764274528,20.5,21.5
1496.0,13.36579764934793,13.495149706980936,-26.014394720865685,21.0,1,7.504850293019064,13.495149706980936,20.5,21.5
1497.0,13.35667091855786,13.651516793595064,-26.01459210151651,21.0,1,7.348483206404936,13.651516793595064,20.5,21.5
1498.0,13.347547164217836,13.685952833237739,-26.01479081626679,21.0,1,7.314047166762261,13.685952833237739,20.5,21.5
1499.0,13.338426384891008,13.698263074014392,-26.014990864847498,21.0,1,7.301736925985608,13.698263074014392,20.5,21.5
1500.0,13.329308579141095,13.723501786713337,-26.015192246987795,21.0,1,7.276498213286663,13.723501786713337,20.5,21.5
1501.0,13.320193745532386,13.627149660603772,-26.01539496241503,21.0,1,7.372850339396228,13.627149660603772,20.5,21.5
1502.0,13.311081882629736,13.583526280435455,-26.01559901085477,21.0,1,7.416473719564545,13.583526280435455,20.5,21.5
1503.0,13.301972988998575,13.508345573673125,-26.01580439203076,21.0,1,7.491654426326875,13.508345573673125,20.5,21.5
1504.0,13.292867063204898,13.515535178559512,-26.016011105664937,21.0,1,7.484464821440488,13.515535178559512,20.5,21.5
1505.0,13.283764103815274,13.474570084107095,-26.016219151477443,21.0,1,7.525429915892905,13.474570084107095,20.5,21.5
1506.0,13.274664109396843,13.53995996899665,-26.016428529186612,21.0,1,7.46004003100335,13.53995996899665,20.5,21.5
1507.0,13.265567078517316,13.470726039921113,-26.016639238508986,21.0,1,7.529273960078887,13.470726039921113,20.5,21.5
1508.0,13.256473009744974,13.49733817535629,-26.016851279159287,21.0,1,7.50266182464371,13.49733817535629,20.5,21.5
1509.0,13.247381901648673,13.484127438322536,-26.017064650850443,21.0,1,7.5158725616774635,13.484127438322536,20.5,21.5
1510.0,13.23829375279784,13.445618736850188,-26.01727935329359,21.0,1,7.554381263149812,13.445618736850188,20.5,21.5
1511.0,13.229208561762476,13.357062486046791,-26.017495386198036,21.0,1,7.642937513953209,13.357062486046791,20.5,21.5
1512.0,13.220126327113157,13.452149066398615,-26.01771274927131,21.0,1,7.547850933601385,13.452149066398615,20.5,21.5
1513.0,13.211047047421028,13.460675048734908,-26.01793144221914,21.0,1,7.539324951265092,13.460675048734908,20.5,21.5
1514.0,13.201970721257814,13.36093431361822,-26.01815146474544,21.0,1,7.63906568638178,13.36093431361822,20.5,21.5
1515.0,13.192897347195812,13.396244297865337,-26.018372816552336,21.0,1,7.603755702134663,13.396244297865337,20.5,21.5
1516.0,13.183826923807896,13.456491751731676,-26.018595497340147,21.0,1,7.543508248268324,13.456491751731676,20.5,21.5
1517.0,13.174759449667514,13.35039199193547,-26.018819506807397,21.0,1,7.649608008064529,13.35039199193547,20.5,21.5
1518.0,13.165694923348688,13.290319734759166,-26.019044844650807,21.0,1,7.709680265240834,13.290319734759166,20.5,21.5
1519.0,13.156633343426021,13.38034646977693,-26.019271510565307,21.0,1,7.61965353022307,13.38034646977693,20.5,21.5
1520.0,13.147574708474691,13.312564419196576,-26.01949950424402,21.0,1,7.687435580803424,13.312564419196576,20.5,21.5
1521.0,13.138519017070452,13.294464497665377,-26.01972882537828,21.0,1,7.705535502334623,13.294464497665377,20.5,21.5
1522.0,13.129466267789637,13.34802232676343,-26.019959473657615,21.0,1,7.651977673236569,13.34802232676343,20.5,21.5
1523.0,13.120416459209155,13.371190056146308,-26.020191448769758,21.0,1,7.6288099438536925,13.371190056146308,20.5,21.5
1524.0,13.111369589906495,13.317966061438804,-26.020424750400657,21.0,1,7.6820339385611955,13.317966061438804,20.5,21.5
1525.0,13.102325658459726,13.304326289679082,-26.02065937823445,21.0,1,7.695673710320918,13.304326289679082,20.5,21.5
1526.0,13.093284663447495,13.33470708733447,-26.020895331953483,21.0,1,7.66529291266553,13.33470708733447,20.5,21.5
1527.0,13.084246603449028,13.318159059953583,-26.021132611238315,21.0,1,7.681840940046417,13.318159059953583,20.5,21.5
1528.0,13.075211477044132,13.339519783594435,-26.0213712157677,21.0,1,7.660480216405565,13.339519783594435,20.5,21.5
1529.0,13.066179282813195,13.353020859106294,-26.021611145218603,21.0,1,7.646979140893706,13.353020859106294,20.5,21.5
1530.0,13.057150019337184,13.39232625164918,-26.021852399266194,21.0,1,7.60767374835082,13.39232625164918,20.5,21.5
1531.0,13.04812368519765,13.306022389837656,-26.02209497758385,21.0,1,7.693977610162344,13.306022389837656,20.5,21.5
1532.0,13.039100278976722,13.271492569482195,-26.022338879843158,21.0,1,7.728507430517805,13.271492569482195,20.5,21.5
1533.0,13.030079799257116,13.301335189225844,-26.022584105713904,21.0,1,7.698664810774156,13.301335189225844,20.5,21.5
1534.0,13.021062244622126,13.284285186536845,-26.022830654864094,21.0,1,7.715714813463155,13.284285186536845,20.5,21.5
1535.0,13.01204761365563,13.284138898995716,-26.023078526959928,21.0,1,7.715861101004284,13.284138898995716,20.5,21.5
1536.0,13.003035904942092,13.304985939958522,-26.023327721665833,21.0,1,7.695014060041478,13.304985939958522,20.5,21.5
1537.0,12.994027117066556,13.272414430289619,-26.023578238644426,21.0,1,7.7275855697103815,13.272414430289619,20.5,21.5
1538.0,12.985021248614652,13.186423730366304,-26.023830077556553,21.0,1,7.813576269633696,13.186423730366304,20.5,21.5
1539.0,12.976018298172596,13.091154371046295,-26.02408323806125,21.0,1,7.908845628953705,13.091154371046295,20.5,21.5
1540.0,12.967018264327184,13.053382171660193,-26.024337719815787,21.0,1,7.946617828339807,13.053382171660193,20.5,21.5
1541.0,12.958021145665803,12.987237450889396,-26.02459352247562,21.0,1,8.012762549110604,12.987237450889396,20.5,21.5
1542.0,12.949026940776424,13.060318979062606,-26.024850645694436,21.0,1,7.939681020937394,13.060318979062606,20.5,21.5
1543.0,12.9400356482476,13.111661227718699,-26.02510908912413,21.0,1,7.888338772281301,13.111661227718699,20.5,21.5
1544.0,12.931047266668475,13.243497502741286,-26.025368852414797,21.0,1,7.7565024972587135,13.243497502741286,20.5,21.5
1545.0,12.922061794628782,13.3260399217214,-26.025629935214766,21.0,1,7.673960078278601,13.3260399217214,20.5,21.5
1546.0,12.913079230718834,13.2920261701274,-26.02589233717056,21.0,1,7.7079738298726,13.2920261701274,20.5,21.5
1547.0,12.904099573529537,13.26189432030105,-26.026156057926933,21.0,1,7.7381056796989505,13.26189432030105,20.5,21.5
1548.0,12.895122821652386,13.153723688610379,-26.02642109712684,21.0,1,7.846276311389621,13.153723688610379,20.5,21.5
1549.0,12.88614897367946,13.047520104575472,-26.02668745441146,21.0,1,7.952479895424528,13.047520104575472,20.5,21.5
1550.0,12.87717802820343,13.05417830556713,-26.026955129420177,21.0,1,7.945821694432871,13.05417830556713,20.5,21.5
1551.0,12.868209983817556,13.023921772470999,-26.027224121790603,21.0,1,7.976078227529001,13.023921772470999,20.5,21.5
1552.0,12.859244839115686,12.92007719354632,-26.027494431158562,21.0,1,8.07992280645368,12.92007719354632,20.5,21.5
1553.0,12.850282592692261,12.971234495784007,-26.027766057158093,21.0,1,8.028765504215993,12.971234495784007,20.5,21.5
1554.0,12.84132324314231,12.942165349335085,-26.028038999421454,21.0,1,8.057834650664915,12.942165349335085,20.5,21.5
1555.0,12.832366789061457,12.862881617027828,-26.02831325757912,21.0,1,8.137118382972172,12.862881617027828,20.5,21.5
1556.0,12.82341322904591,12.95638217338772,-26.028588831259786,21.0,1,8.04361782661228,12.95638217338772,20.5,21.5
1557.0,12.814462561692475,12.963014182778085,-26.028865720090366,21.0,1,8.036985817221915,12.963014182778085,20.5,21.5
1558.0,12.805514785598547,12.98421234806041,-26.02914392369599,21.0,1,8.01578765193959,12.98421234806041,20.5,21.5
1559.0,12.796569899362115,13.098197278926994,-26.02942344170001,21.0,1,7.901802721073006,13.098197278926994,20.5,21.5
1560.0,12.78762790158176,13.04998381610209,-26.029704273724004,21.0,1,7.95001618389791,13.04998381610209,20.5,21.5
1561.0,12.778688790856659,13.034349333255463,-26.02998641938776,21.0,1,7.965650666744537,13.034349333255463,20.5,21.5
1562.0,12.769752565786577,13.050354590193256,-26.030269878309305,21.0,1,7.9496454098067435,13.050354590193256,20.5,21.5
1563.0,12.760819224971879,13.00887131591099,-26.03055465010486,21.0,1,7.991128684089009,13.00887131591099,20.5,21.5
1564.0,12.75188876701352,12.988829308413624,-26.0308407343889,21.0,1,8.011170691586376,12.988829308413624,20.5,21.5
1565.0,12.742961190513054,12.921955360267905,-26.0311281307741,21.0,1,8.078044639732095,12.921955360267905,20.5,21.5
1566.0,12.734036494072624,12.93584076718381,-26.03141683887137,21.0,1,8.06415923281619,12.93584076718381,20.5,21.5
1567.0,12.725114676294977,12.984791766884683,-26.031706858289837,21.0,1,8.015208233115317,12.984791766884683,20.5,21.5
1568.0,12.71619573578345,12.956119080410863,-26.031998188636866,21.0,1,8.043880919589137,12.956119080410863,20.5,21.5
1569.0,12.707279671141976,12.959675636792468,-26.03229082951803,21.0,1,8.040324363207532,12.959675636792468,20.5,21.5
1570.0,12.69836648097509,13.052413012138967,-26.032584780537135,21.0,1,7.947586987861033,13.052413012138967,20.5,21.5
1571.0,12.689456163887918,13.001255371103065,-26.03288004129622,21.0,1,7.998744628896935,13.001255371103065,20.5,21.5
1572.0,12.68054871848619,12.909302268435841,-26.03317661139554,21.0,1,8.090697731564159,12.909302268435841,20.5,21.5
1573.0,12.671644143376229,12.912445099658797,-26.033474490433584,21.0,1,8.087554900341203,12.912445099658797,20.5,21.5
1574.0,12.662742437164958,12.779732176284906,-26.033773678007066,21.0,1,8.220267823715094,12.779732176284906,20.5,21.5
1575.0,12.6538435984599,12.757780902830962,-26.034074173710934,21.0,1,8.242219097169038,12.757780902830962,20.5,21.5
1576.0,12.644947625869177,12.760829599929476,-26.03437597713835,21.0,1,8.239170400070524,12.760829599929476,20.5,21.5
1577.0,12.636054518001508,12.791513480004648,-26.034679087880725,21.0,1,8.208486519995352,12.791513480004648,20.5,21.5
1578.0,12.627164273466214,12.768313824259412,-26.034983505527688,21.0,1,8.231686175740588,12.768313824259412,20.5,21.5
1579.0,12.618276890873215,12.868639415898553,-26.0352892296671,21.0,1,8.131360584101447,12.868639415898553,20.5,21.5
1580.0,12.609392368833035,12.921038952573323,-26.03559625988506,21.0,1,8.078961047426677,12.921038952573323,20.5,21.5
1581.0,12.600510705956795,12.900314263156591,-26.035904595765892,21.0,1,8.099685736843409,12.900314263156591,20.5,21.5
1582.0,12.591631900856221,12.95661432866002,-26.036214236892146,21.0,1,8.04338567133998,12.95661432866002,20.5,21.5
1583.0,12.58275595214364,12.964300895656237,-26.03652518284462,21.0,1,8.035699104343763,12.964300895656237,20.5,21.5
1584.0,12.573882858431977,12.930432405328096,-26.036837433202344,21.0,1,8.069567594671904,12.930432405328096,20.5,21.5
1585.0,12.565012618334766,12.927728184645442,-26.03715098754256,21.0,1,8.072271815354558,12.927728184645442,20.5,21.5
1586.0,12.55614523046614,12.921588789254292,-26.037465845440778,21.0,1,8.078411210745708,12.921588789254292,20.5,21.5
1587.0,12.547280693440838,12.832878401080071,-26.037782006470714,21.0,1,8.167121598919929,12.832878401080071,20.5,21.5
1588.0,12.5384190058742,12.849407069511836,-26.038099470204337,21.0,1,8.150592930488164,12.849407069511836,20.5,21.5
1589.0,12.529560166382174,12.865844016947415,-26.038418236211847,21.0,1,8.134155983052585,12.865844016947415,20.5,21.5
1590.0,12.52070417358131,12.820481395675944,-26.03873830406168,21.0,1,8.179518604324056,12.820481395675944,20.5,21.5
1591.0,12.511851026088761,12.816015945029614,-26.039059673320512,21.0,1,8.183984054970386,12.816015945029614,20.5,21.5
1592.0,12.503000722522291,12.834069532583532,-26.039382343553253,21.0,1,8.165930467416468,12.834069532583532,20.5,21.5
1593.0,12.494153261500266,12.908431658568185,-26.039706314323055,21.0,1,8.091568341431815,12.908431658568185,20.5,21.5
1594.0,12.485308641641659,12.84676705687986,-26.040031585191315,21.0,1,8.15323294312014,12.84676705687986,20.5,21.5
1595.0,12.476466861566047,12.760106954931084,-26.04035815571765,21.0,1,8.239893045068916,12.760106954931084,20.5,21.5
1596.0,12.46762791989362,12.842259343343127,-26.04068602545994,21.0,1,8.157740656656873,12.842259343343127,20.5,21.5
1597.0,12.458791815245169,12.916691139869965,-26.0410151939743,21.0,1,8.083308860130035,12.916691139869965,20.5,21.5
1598.0,12.449958546242096,12.805247576250718,-26.041345660815075,21.0,1,8.194752423749282,12.805247576250718,20.5,21.5
1599.0,12.44112811150641,12.919709930642403,-26.041677425534864,21.0,1,8.080290069357597,12.919709930642403,20.5,21.5
1600.0,12.43230050966073,12.977219633760194,-26.04201048768451,21.0,1,8.022780366239806,12.977219633760194,20.5,21.5
1601.0,12.42347573932828,12.87030861855774,-26.04234484681309,21.0,1,8.12969138144226,12.87030861855774,20.5,21.5
1602.0,12.4146537991329,12.863398218144308,-26.04268050246793,21.0,1,8.136601781855692,12.863398218144308,20.5,21.5
1603.0,12.405834687699032,12.828316472808538,-26.043017454194608,21.0,1,8.171683527191462,12.828316472808538,20.5,21.5
1604.0,12.397018403651735,12.713267899152893,-26.04335570153693,21.0,1,8.286732100847107,12.713267899152893,20.5,21.5
1605.0,12.388204945616673,12.615826465655458,-26.043695244036964,21.0,1,8.384173534344542,12.615826465655458,20.5,21.5
1606.0,12.379394312220121,12.585533802312852,-26.04403608123502,21.0,1,8.414466197687148,12.585533802312852,20.5,21.5
1607.0,12.370586502088969,12.484220615376032,-26.04437821266965,21.0,1,8.515779384623968,12.484220615376032,20.5,21.5
1608.0,12.361781513850715,12.422271442251937,-26.044721637877657,21.0,1,8.577728557748063,12.422271442251937,20.5,21.5
1609.0,12.352979346133473,12.401705908759148,-26.045066356394095,21.0,1,8.598294091240852,12.401705908759148,20.5,21.5
1610.0,12.344179997565965,12.464493317731689,-26.04541236775227,21.0,1,8.535506682268311,12.464493317731689,20.5,21.5
1611.0,12.335383466777525,12.578763902669719,-26.045759671483722,21.0,1,8.421236097330281,12.578763902669719,20.5,21.5
1612.0,12.326589752398105,12.49338504327884,-26.046108267118264,21.0,1,8.50661495672116,12.49338504327884,20.5,21.5
1613.0,12.317798853058266,12.557864216049705,-26.046458154183938,21.0,1,8.442135783950295,12.557864216049705,20.5,21.5
1614.0,12.309010767389186,12.47942704781217,-26.046809332207054,21.0,1,8.52057295218783,12.47942704781217,20.5,21.5
1615.0,12.300225494022653,12.455820514481482,-26.047161800712164,21.0,1,8.544179485518518,12.455820514481482,20.5,21.5
1616.0,12.291443031591076,12.237685309974648,-26.047515559222077,21.0,1,8.762314690025352,12.237685309974648,20.5,21.5
1617.0,12.282663378727472,12.357880722018805,-26.047870607257863,21.0,1,8.642119277981195,12.357880722018805,20.5,21.5
1618.0,12.273886534065477,12.390330122161398,-26.048226944338825,21.0,1,8.609669877838602,12.390330122161398,20.5,21.5
1619.0,12.265112496239343,12.45677311881697,-26.048584569982545,21.0,1,8.54322688118303,12.45677311881697,20.5,21.5
1620.0,12.256341263883936,12.466073152242421,-26.048943483704846,21.0,1,8.533926847757579,12.466073152242421,20.5,21.5
1621.0,12.24757283563474,12.592871865703861,-26.04930368501981,21.0,1,8.407128134296139,12.592871865703861,20.5,21.5
1622.0,12.238807210127856,12.604446715221304,-26.049665173439777,21.0,1,8.395553284778696,12.604446715221304,20.5,21.5
1623.0,12.230044386,12.476428879625177,-26.050027948475346,21.0,1,8.523571120374823,12.476428879625177,20.5,21.5
1624.0,12.221284361888507,12.457856217189573,-26.050392009635374,21.0,1,8.542143782810427,12.457856217189573,20.5,21.5
1625.0,12.212527136431333,12.46315667990979,-26.050757356426967,21.0,1,8.53684332009021,12.46315667990979,20.5,21.5
1626.0,12.203772708267048,12.488942573223145,-26.051123988355503,21.0,1,8.511057426776855,12.488942573223145,20.5,21.5
1627.0,12.19502107603484,12.468039452299209,-26.051491904924617,21.0,1,8.531960547700791,12.468039452299209,20.5,21.5
1628.0,12.186272238374519,12.556650700830634,-26.051861105636203,21.0,1,8.443349299169366,12.556650700830634,20.5,21.5
1629.0,12.177526193926516,12.585996456831348,-26.052231589990413,21.0,1,8.414003543168652,12.585996456831348,20.5,21.5
1630.0,12.168782941331877,12.511798813598649,-26.052603357485673,21.0,1,8.488201186401351,12.511798813598649,20.5,21.5
1631.0,12.16004247923227,12.386931278442216,-26.05297640761865,21.0,1,8.613068721557784,12.386931278442216,20.5,21.5
1632.0,12.151304806269987,12.32890443232328,-26.0533507398843,21.0,1,8.67109556767672,12.32890443232328,20.5,21.5
1633.0,12.142569921087937,12.280381239090763,-26.053726353775833,21.0,1,8.719618760909237,12.280381239090763,20.5,21.5
1634.0,12.13383782232965,12.252030659059733,-26.054103248784713,21.0,1,8.747969340940267,12.252030659059733,20.5,21.5
1635.0,12.125108508639277,12.28427863052853,-26.054481424400684,21.0,1,8.71572136947147,12.28427863052853,20.5,21.5
1636.0,12.116381978661597,12.249763299707677,-26.054860880111747,21.0,1,8.750236700292323,12.249763299707677,20.5,21.5
1637.0,12.107658231042006,12.275614893206122,-26.055241615404178,21.0,1,8.724385106793878,12.275614893206122,20.5,21.5
1638.0,12.098937264426525,12.296034008250468,-26.05562362976252,21.0,1,8.703965991749532,12.296034008250468,20.5,21.5
1639.0,12.090219077461795,12.329444827076177,-26.056006922669575,21.0,1,8.670555172923823,12.329444827076177,20.5,21.5
1640.0,12.081503668795085,12.298386689874183,-26.056391493606416,21.0,1,8.701613310125817,12.298386689874183,20.5,21.5
1641.0,12.072791037074284,12.397344722035978,-26.0567773420524,21.0,1,8.602655277964022,12.397344722035978,20.5,21.5
1642.0,12.064081180947909,12.368203228441937,-26.057164467485137,21.0,1,8.631796771558063,12.368203228441937,20.5,21.5
1643.0,12.055374099065098,12.3640653342589,-26.05755286938052,21.0,1,8.6359346657411,12.3640653342589,20.5,21.5
1644.0,12.046669790075615,12.29992225592863,-26.057942547212704,21.0,1,8.70007774407137,12.29992225592863,20.5,21.5
1645.0,12.037968252629852,12.300793849015044,-26.058333500454125,21.0,1,8.699206150984956,12.300793849015044,20.5,21.5
1646.0,12.029269485378824,12.28041558238824,-26.05872572857549,21.0,1,8.71958441761176,12.28041558238824,20.5,21.5
1647.0,12.020573486974174,12.270877992051306,-26.059119231045777,21.0,1,8.729122007948694,12.270877992051306,20.5,21.5
1648.0,12.011880256068167,12.299231633350402,-26.05951400733224,21.0,1,8.700768366649598,12.299231633350402,20.5,21.5
1649.0,12.0031897913137,12.305564006998408,-26.059910056900407,21.0,1,8.694435993001592,12.305564006998408,20.5,21.5
1650.0,11.994502091364295,12.3623153671987,-26.06030737921409,21.0,1,8.6376846328013,12.3623153671987,20.5,21.5
1651.0,11.985817154874102,12.28249443395988,-26.060705973735374,21.0,1,8.71750556604012,12.28249443395988,20.5,21.5
1652.0,11.9771349804979,12.244904031186524,-26.061105839924608,21.0,1,8.755095968813476,12.244904031186524,20.5,21.5
1653.0,11.968455566891091,12.261895431674574,-26.061506977240445,21.0,1,8.738104568325426,12.261895431674574,20.5,21.5
1654.0,11.959778912709714,12.29598265998549,-26.061909385139792,21.0,1,8.70401734001451,12.29598265998549,20.5,21.5
1655.0,11.95110501661043,12.15672084928861,-26.062313063077855,21.0,1,8.84327915071139,12.15672084928861,20.5,21.5
1656.0,11.942433877250535,12.220102899047921,-26.062718010508107,21.0,1,8.779897100952079,12.220102899047921,20.5,21.5
1657.0,11.933765493287948,12.24276645481169,-26.063124226882312,21.0,1,8.75723354518831,12.24276645481169,20.5,21.5
1658.0,11.925099863381226,12.170245909725441,-26.063531711650512,21.0,1,8.829754090274559,12.170245909725441,20.5,21.5
1659.0,11.916436986189549,12.158037543011522,-26.063940464261027,21.0,1,8.841962456988478,12.158037543011522,20.5,21.5
1660.0,11.907776860372731,12.331091479895207,-26.06435048416047,21.0,1,8.668908520104793,12.331091479895207,20.5,21.5
1661.0,11.899119484591221,12.200748351097143,-26.06476177079373,21.0,1,8.799251648902857,12.200748351097143,20.5,21.5
1662.0,11.890464857506092,12.25278926001041,-26.065174323603983,21.0,1,8.74721073998959,12.25278926001041,20.5,21.5
1663.0,11.881812977779056,12.287151131893546,-26.065588142032702,21.0,1,8.712848868106454,12.287151131893546,20.5,21.5
1664.0,11.873163844072453,12.199435745415974,-26.066003225519626,21.0,1,8.800564254584026,12.199435745415974,20.5,21.5
1665.0,11.864517455049256,12.056440710524198,-26.0664195735028,21.0,1,8.943559289475802,12.056440710524198,20.5,21.5
1666.0,11.855873809373072,12.14207789877587,-26.066837185418542,21.0,1,8.85792210122413,12.14207789877587,20.5,21.5
1667.0,11.847232905708141,12.116252726740479,-26.067256060701467,21.0,1,8.883747273259521,12.116252726740479,20.5,21.5
1668.0,11.838594742719339,12.039520064490342,-26.06767619878449,21.0,1,8.960479935509658,12.039520064490342,20.5,21.5
1669.0,11.829959319072172,12.069748548620716,-26.068097599098788,21.0,1,8.930251451379284,12.069748548620716,20.5,21.5
1670.0,11.821326633432781,12.042934960184501,-26.068520261073857,21.0,1,8.957065039815499,12.042934960184501,20.5,21.5
1671.0,11.812696684467946,12.018950471505633,-26.06894418413747,21.0,1,8.981049528494367,12.018950471505633,20.5,21.5
1672.0,11.804069470845077,12.014266669936074,-26.0693693677157,21.0,1,8.985733330063926,12.014266669936074,20.5,21.5
1673.0,11.795444991232223,12.040250251071143,-26.069795811232908,21.0,1,8.959749748928857,12.040250251071143,20.5,21.5
1674.0,11.786823244298068,12.101362423939294,-26.07022351411175,21.0,1,8.898637576060706,12.101362423939294,20.5,21.5
1675.0,11.778204228711932,12.191434569388358,-26.07065247577318,21.0,1,8.808565430611642,12.191434569388358,20.5,21.5
1676.0,11.76958794314377,12.229924091291238,-26.07108269563644,21.0,1,8.770075908708762,12.229924091291238,20.5,21.5
1677.0,11.760974386264177,12.192766258489772,-26.071514173119084,21.0,1,8.807233741510228,12.192766258489772,20.5,21.5
1678.0,11.752363556744383,12.150728719158169,-26.071946907636953,21.0,1,8.849271280841831,12.150728719158169,20.5,21.5
1679.0,11.743755453256256,12.051034014876802,-26.07238089860418,21.0,1,8.948965985123198,12.051034014876802,20.5,21.5
1680.0,11.735150074472303,12.070227893571545,-26.07281614543321,21.0,1,8.929772106428455,12.070227893571545,20.5,21.5
1681.0,11.726547419065668,11.957652096611131,-26.073252647534783,21.0,1,9.042347903388869,11.957652096611131,20.5,21.5
1682.0,11.717947485710134,11.913588247527002,-26.073690404317936,21.0,1,9.086411752472998,11.913588247527002,20.5,21.5
1683.0,11.709350273080124,11.900260936014178,-26.074129415190008,21.0,1,9.099739063985822,11.900260936014178,20.5,21.5
1684.0,11.7007557798507,11.956524503275537,-26.07456967955664,21.0,1,9.043475496724463,11.956524503275537,20.5,21.5
1685.0,11.692164004697565,11.939777532382514,-26.075011196821784,21.0,1,9.060222467617486,11.939777532382514,20.5,21.5
1686.0,11.683574946297059,12.020192529910982,-26.075453966387688,21.0,1,8.979807470089018,12.020192529910982,20.5,21.5
1687.0,11.674988603326163,11.994960174047817,-26.075897987654905,21.0,1,9.005039825952183,11.994960174047817,20.5,21.5
1688.0,11.666404974462504,12.112651309980752,-26.07634326002229,21.0,1,8.887348690019248,12.112651309980752,20.5,21.5
1689.0,11.657824058384342,12.02508131062058,-26.07678978288702,21.0,1,8.97491868937942,12.02508131062058,20.5,21.5
1690.0,11.649245853770585,11.905959625075894,-26.077237555644558,21.0,1,9.094040374924106,11.905959625075894,20.5,21.5
1691.0,11.640670359300781,11.84149173974011,-26.077686577688688,21.0,1,9.15850826025989,11.84149173974011,20.5,21.5
1692.0,11.632097573655118,11.766150000753985,-26.0781368484115,21.0,1,9.233849999246015,11.766150000753985,20.5,21.5
1693.0,11.623527495514429,11.641139345236615,-26.07858836720339,21.0,1,9.358860654763385,11.641139345236615,20.5,21.5
1694.0,11.61496012356019,11.69813794894508,-26.07904113345307,21.0,1,9.30186205105492,11.69813794894508,20.5,21.5
1695.0,11.606395456474518,11.78587033043028,-26.079495146547558,21.0,1,9.21412966956972,11.78587033043028,20.5,21.5
1696.0,11.597833492940177,11.721013414371367,-26.07995040587219,21.0,1,9.278986585628633,11.721013414371367,20.5,21.5
1697.0,11.589274231640573,11.763124837807476,-26.080406910810606,21.0,1,9.236875162192524,11.763124837807476,20.5,21.5
1698.0,11.580717671259755,11.738735813758467,-26.080864660744766,21.0,1,9.261264186241533,11.738735813758467,20.5,21.5
1699.0,11.57216381048242,11.752062082806507,-26.081323655054945,21.0,1,9.247937917193493,11.752062082806507,20.5,21.5
1700.0,11.563612647993908,11.7040444187539,-26.081783893119727,21.0,1,9.2959555812461,11.7040444187539,20.5,21.5
1701.0,11.555064182480203,11.868028125340043,-26.082245374316017,21.0,1,9.131971874659957,11.868028125340043,20.5,21.5
1702.0,11.546518412627938,11.908225363044007,-26.082708098019044,21.0,1,9.091774636955993,11.908225363044007,20.5,21.5
1703.0,11.537975337124388,11.985179078970669,-26.083172063602337,21.0,1,9.014820921029331,11.985179078970669,20.5,21.5
1704.0,11.529434954657479,11.890436810040084,-26.083637270437762,21.0,1,9.109563189959916,11.890436810040084,20.5,21.5
1705.0,11.52089726391578,11.796928328900517,-26.084103717895488,21.0,1,9.203071671099483,11.796928328900517,20.5,21.5
1706.0,11.512362263588509,11.757160327238779,-26.084571405344022,21.0,1,9.242839672761221,11.757160327238779,20.5,21.5
1707.0,11.503829952365532,11.726176277214472,-26.085040332150175,21.0,1,9.273823722785528,11.726176277214472,20.5,21.5
1708.0,11.49530032893736,11.648488493601345,-26.085510497679095,21.0,1,9.351511506398655,11.648488493601345,20.5,21.5
1709.0,11.486773391995154,11.65313222523142,-26.08598190129424,21.0,1,9.34686777476858,11.65313222523142,20.5,21.5
1710.0,11.478249140230725,11.732592524386057,-26.0864545423574,21.0,1,9.267407475613943,11.732592524386057,20.5,21.5
1711.0,11.469727572336529,11.685398239039545,-26.086928420228688,21.0,1,9.314601760960455,11.685398239039545,20.5,21.5
1712.0,11.461208687005675,11.68081117702528,-26.087403534266542,21.0,1,9.31918882297472,11.68081117702528,20.5,21.5
1713.0,11.452692482931917,11.710455166323069,-26.087879883827725,21.0,1,9.289544833676931,11.710455166323069,20.5,21.5
1714.0,11.444178958809664,11.605077316440092,-26.088357468267333,21.0,1,9.394922683559908,11.605077316440092,20.5,21.5
1715.0,11.435668113333971,11.549234665048983,-26.088836286938783,21.0,1,9.450765334951017,11.549234665048983,20.5,21.5
1716.0,11.427159945200547,11.522272164132156,-26.08931633919382,21.0,1,9.477727835867844,11.522272164132156,20.5,21.5
1717.0,11.418654453105749,11.524225133843137,-26.089797624382534,21.0,1,9.475774866156863,11.524225133843137,20.5,21.5
1718.0,11.410151635746585,11.525696423743705,-26.09028014185332,21.0,1,9.474303576256295,11.525696423743705,20.5,21.5
1719.0,11.401651491820719,11.64938222113684,-26.090763890952932,21.0,1,9.35061777886316,11.64938222113684,20.5,21.5
1720.0,11.393154020026461,11.65618064024669,-26.091248871026437,21.0,1,9.34381935975331,11.65618064024669,20.5,21.5
1721.0,11.384659219062778,11.62509660952659,-26.09173508141724,21.0,1,9.37490339047341,11.62509660952659,20.5,21.5
1722.0,11.376167087629284,11.563914014699082,-26.092222521467093,21.0,1,9.436085985300918,11.563914014699082,20.5,21.5
1723.0,11.367677624426252,11.461570439914649,-26.092711190516063,21.0,1,9.538429560085351,11.461570439914649,20.5,21.5
1724.0,11.359190828154604,11.46566181714412,-26.093201087902564,21.0,1,9.53433818285588,11.46566181714412,20.5,21.5
1725.0,11.35070669751592,11.547078017483098,-26.09369221296335,21.0,1,9.452921982516902,11.547078017483098,20.5,21.5
1726.0,11.342225231212426,11.500982171747594,-26.09418456503351,21.0,1,9.499017828252406,11.500982171747594,20.5,21.5
1727.0,11.33374642794701,11.449914722560232,-26.094678143446462,21.0,1,9.550085277439768,11.449914722560232,20.5,21.5
1728.0,11.325270286423214,11.450700096200793,-26.09517294753398,21.0,1,9.549299903799207,11.450700096200793,20.5,21.5
1729.0,11.316796805345229,11.386480975214043,-26.095668976626172,21.0,1,9.613519024785957,11.386480975214043,20.5,21.5
1730.0,11.308325983417905,11.292780961675469,-26.09616623005148,21.0,1,9.707219038324531,11.292780961675469,20.5,21.5
1731.0,11.299857819346748,11.329761597430204,-26.0966647071367,21.0,1,9.670238402569796,11.329761597430204,20.5,21.5
1732.0,11.291392311837921,11.46122862719579,-26.097164407206964,21.0,1,9.53877137280421,11.46122862719579,20.5,21.5
1733.0,11.28292945959824,11.497015520225064,-26.09766532958575,21.0,1,9.502984479774936,11.497015520225064,20.5,21.5
1734.0,11.27446926133518,11.580720283663858,-26.098167473594884,21.0,1,9.419279716336142,11.580720283663858,20.5,21.5
1735.0,11.26601171575687,11.627741110485994,-26.09867083855454,21.0,1,9.372258889514006,11.627741110485994,20.5,21.5
1736.0,11.257556821572098,11.624882741500464,-26.099175423783223,21.0,1,9.375117258499536,11.624882741500464,20.5,21.5
1737.0,11.249104577490314,11.555205916857382,-26.099681228597806,21.0,1,9.444794083142618,11.555205916857382,20.5,21.5
1738.0,11.240654982221619,11.490778947172576,-26.1001882523135,21.0,1,9.509221052827424,11.490778947172576,20.5,21.5
1739.0,11.232208034476773,11.38092401801158,-26.100696494243874,21.0,1,9.61907598198842,11.38092401801158,20.5,21.5
1740.0,11.2237637329672,11.261931121671033,-26.101205953700834,21.0,1,9.738068878328967,11.261931121671033,20.5,21.5
1741.0,11.215322076404977,11.217493303770407,-26.101716629994648,21.0,1,9.782506696229593,11.217493303770407,20.5,21.5
1742.0,11.206883063502843,11.186371581049166,-26.102228522433936,21.0,1,9.813628418950834,11.186371581049166,20.5,21.5
1743.0,11.198446692974198,11.175547337463195,-26.10274163032567,21.0,1,9.824452662536805,11.175547337463195,20.5,21.5
1744.0,11.190012963533098,11.081609732042725,-26.103255952975175,21.0,1,9.918390267957275,11.081609732042725,20.5,21.5
1745.0,11.181581873894261,11.152401495549386,-26.10377148968614,21.0,1,9.847598504450614,11.152401495549386,20.5,21.5
1746.0,11.173153422773067,11.256817426737364,-26.104288239760585,21.0,1,9.743182573262636,11.256817426737364,20.5,21.5
1747.0,11.164727608885556,11.26450217880325,-26.104806202498924,21.0,1,9.73549782119675,11.26450217880325,20.5,21.5
1748.0,11.156304430948428,11.274311609966524,-26.105325377199904,21.0,1,9.725688390033476,11.274311609966524,20.5,21.5
1749.0,11.147883887679045,11.412877154331245,-26.10584576316063,21.0,1,9.587122845668755,11.412877154331245,20.5,21.5
1750.0,11.139465977795432,11.408937798442368,-26.10636735967659,21.0,1,9.591062201557632,11.408937798442368,20.5,21.5
1751.0,11.131050700016274,11.313087166533649,-26.1068901660416,21.0,1,9.686912833466351,11.313087166533649,20.5,21.5
1752.0,11.122638053060921,11.253207082775743,-26.107414181547874,21.0,1,9.746792917224257,11.253207082775743,20.5,21.5
1753.0,11.114228035649385,11.229749315037552,-26.107939405485958,21.0,1,9.770250684962448,11.229749315037552,20.5,21.5
1754.0,11.10582064650234,11.217541377072417,-26.108465837144784,21.0,1,9.782458622927583,11.217541377072417,20.5,21.5
1755.0,11.097415884341123,11.242430576813618,-26.10899347581163,21.0,1,9.757569423186382,11.242430576813618,20.5,21.5
1756.0,11.089013747887739,11.280031029648336,-26.109522320772157,21.0,1,9.719968970351664,11.280031029648336,20.5,21.5
1757.0,11.080614235864852,11.350240780400727,-26.11005237131039,21.0,1,9.649759219599273,11.350240780400727,20.5,21.5
1758.0,11.072217346995794,11.418338645958489,-26.110583626708703,21.0,1,9.581661354041511,11.418338645958489,20.5,21.5
1759.0,11.063823080004559,11.287104042068318,-26.11111608624786,21.0,1,9.712895957931682,11.287104042068318,20.5,21.5
1760.0,11.055431433615809,11.252230945567792,-26.111649749206997,21.0,1,9.747769054432208,11.252230945567792,20.5,21.5
1761.0,11.047042406554867,11.279870575372392,-26.1121846148636,21.0,1,9.720129424627608,11.279870575372392,20.5,21.5
1762.0,11.038655997547728,11.235465853657567,-26.11272068249354,21.0,1,9.764534146342433,11.235465853657567,20.5,21.5
1763.0,11.030272205321047,11.20596955871493,-26.113257951371065,21.0,1,9.79403044128507,11.20596955871493,20.5,21.5
1764.0,11.02189102860215,11.32958245882501,-26.113796420768786,21.0,1,9.67041754117499,11.32958245882501,20.5,21.5
1765.0,11.013512466119026,11.353989406403729,-26.114336089957696,21.0,1,9.646010593596271,11.353989406403729,20.5,21.5
1766.0,11.005136516600334,11.35615754917849,-26.114876958207155,21.0,1,9.64384245082151,11.35615754917849,20.5,21.5
1767.0,10.996763178775398,11.391255719082407,-26.115419024784917,21.0,1,9.608744280917593,11.391255719082407,20.5,21.5
1768.0,10.98839245137421,11.380105970189335,-26.115962288957093,21.0,1,9.619894029810665,11.380105970189335,20.5,21.5
1769.0,10.980024333127433,11.407143102695358,-26.116506749988183,21.0,1,9.592856897304642,11.407143102695358,20.5,21.5
1770.0,10.971658822766395,11.38275939814682,-26.117052407141074,21.0,1,9.61724060185318,11.38275939814682,20.5,21.5
1771.0,10.963295919023093,11.31218727654009,-26.117599259677014,21.0,1,9.68781272345991,11.31218727654009,20.5,21.5
1772.0,10.954935620630193,11.242675096447417,-26.118147306855654,21.0,1,9.757324903552583,11.242675096447417,20.5,21.5
1773.0,10.946577926321032,11.198582654176217,-26.11869654793501,21.0,1,9.801417345823783,11.198582654176217,20.5,21.5
1774.0,10.938222834829613,11.08855482852304,-26.11924698217149,21.0,1,9.91144517147696,11.08855482852304,20.5,21.5
1775.0,10.929870344890613,11.057755064908353,-26.119798608819888,21.0,1,9.942244935091647,11.057755064908353,20.5,21.5
1776.0,10.921520455239376,10.981607025976512,-26.120351427133386,21.0,1,10.018392974023488,10.981607025976512,20.5,21.5
1777.0,10.91317316461192,11.111303386776765,-26.120905436363536,21.0,1,9.888696613223235,11.111303386776765,20.5,21.5
1778.0,10.904828471744928,11.164877168337254,-26.1214606357603,21.0,1,9.835122831662746,11.164877168337254,20.5,21.5
1779.0,10.89648637537576,11.294189643374736,-26.122017024572017,21.0,1,9.705810356625264,11.294189643374736,20.5,21.5
1780.0,10.888146874242445,11.211797833409781,-26.122574602045418,21.0,1,9.788202166590219,11.211797833409781,20.5,21.5
1781.0,10.879809967083682,11.267896881469431,-26.12313336742562,21.0,1,9.732103118530569,11.267896881469431,20.5,21.5
1782.0,10.871475652638846,11.176469375598748,-26.123693319956136,21.0,1,9.823530624401252,11.176469375598748,20.5,21.5
1783.0,10.86314392964798,11.12394632182947,-26.124254458878873,21.0,1,9.87605367817053,11.12394632182947,20.5,21.5
1784.0,10.854814796851805,11.076347573354898,-26.124816783434134,21.0,1,9.923652426645102,11.076347573354898,20.5,21.5
1785.0,10.84648825299171,11.141770557664763,-26.125380292860605,21.0,1,9.858229442335237,11.141770557664763,20.5,21.5
1786.0,10.83816429680976,11.188513459261262,-26.125944986395382,21.0,1,9.811486540738738,11.188513459261262,20.5,21.5
1787.0,10.829842927048691,11.213312861171412,-26.12651086327395,21.0,1,9.786687138828588,11.213312861171412,20.5,21.5
1788.0,10.821524142451917,11.339836200885777,-26.12707792273019,21.0,1,9.660163799114223,11.339836200885777,20.5,21.5
1789.0,10.813207941763523,11.269140030612508,-26.127646163996392,21.0,1,9.730859969387492,11.269140030612508,20.5,21.5
1790.0,10.80489432372827,11.186500402532513,-26.128215586303238,21.0,1,9.813499597467487,11.186500402532513,20.5,21.5
1791.0,10.796583287091593,11.165892041567364,-26.12878618887981,21.0,1,9.834107958432636,11.165892041567364,20.5,21.5
1792.0,10.788274830599603,11.192608544606827,-26.1293579709536,21.0,1,9.807391455393173,11.192608544606827,20.5,21.5
1793.0,10.779968952999084,11.112914311046383,-26.12993093175049,21.0,1,9.887085688953617,11.112914311046383,20.5,21.5
1794.0,10.771665653037502,11.042608260666924,-26.13050507049478,21.0,1,9.957391739333076,11.042608260666924,20.5,21.5
1795.0,10.763364929462991,11.019943303373461,-26.13108038640917,21.0,1,9.980056696626539,11.019943303373461,20.5,21.5
1796.0,10.755066781024366,11.07474770889099,-26.131656878714765,21.0,1,9.92525229110901,11.07474770889099,20.5,21.5
1797.0,10.74677120647112,10.939049070200833,-26.13223454663107,21.0,1,10.060950929799167,10.939049070200833,20.5,21.5
1798.0,10.73847820455342,10.867676439164402,-26.132813389376018,21.0,1,10.132323560835598,10.867676439164402,20.5,21.5
1799.0,10.730187774022111,10.882112552848799,-26.133393406165936,21.0,1,10.117887447151201,10.882112552848799,20.5,21.5
1800.0,10.721899913628715,10.924162041175698,8.86602540378444,21.0,1,10.075837958824302,10.924162041175698,20.5,21.5
1801.0,10.7252812887921,10.858167217462045,8.86544304126195,21.0,1,10.141832782537955,10.858167217462045,20.5,21.5
1802.0,10.72866134270959,10.89559765435888,8.86485950705503,21.0,1,10.10440234564112,10.89559765435888,20.5,21.5
1803.0,10.732040075431037,10.971393514163072,8.864274801953705,21.0,1,10.028606485836928,10.971393514163072,20.5,21.5
1804.0,10.735417487006545,11.049003568914117,8.863688926749576,21.0,1,9.950996431085883,11.049003568914117,20.5,21.5
1805.0,10.73879357748646,11.056608610966462,8.863101882235837,21.0,1,9.943391389033538,11.056608610966462,20.5,21.5
1806.0,10.742168346921376,11.048903573507074,8.862513669207258,21.0,1,9.951096426492926,11.048903573507074,20.5,21.5
1807.0,10.745541795362138,11.125608821450028,8.861924288460195,21.0,1,9.874391178549972,11.125608821450028,20.5,21.5
1808.0,10.748913922859838,11.087874416104546,8.861333740792585,21.0,1,9.912125583895454,11.087874416104546,20.5,21.5
1809.0,10.752284729465815,10.998492585108597,8.860742027003944,21.0,1,10.001507414891403,10.998492585108597,20.5,21.5
1810.0,10.755654215231662,10.891712460383548,8.860149147895365,21.0,1,10.108287539616452,10.891712460383548,20.5,21.5
1811.0,10.759022380209217,10.875439368649324,8.859555104269523,21.0,1,10.124560631350676,10.875439368649324,20.5,21.5
1812.0,10.76238922445057,10.913234159558446,8.858959896930665,21.0,1,10.086765840441554,10.913234159558446,20.5,21.5
1813.0,10.765754748008064,11.008697109627347,8.858363526684615,21.0,1,9.991302890372653,11.008697109627347,20.5,21.5
1814.0,10.769118950934288,11.06493865674651,8.857765994338774,21.0,1,9.93506134325349,11.06493865674651,20.5,21.5
1815.0,10.77248183328209,11.230796186763765,8.857167300702113,21.0,1,9.769203813236235,11.230796186763765,20.5,21.5
1816.0,10.775843395104562,11.18081817484348,8.856567446585176,21.0,1,9.81918182515652,11.18081817484348,20.5,21.5
1817.0,10.779203636455057,11.048614569340964,8.855966432800079,21.0,1,9.951385430659036,11.048614569340964,20.5,21.5
1818.0,10.782562557387172,10.909126455593812,8.855364260160506,21.0,1,10.090873544406188,10.909126455593812,20.5,21.5
1819.0,10.785920157954763,10.932208945184675,8.854760929481715,21.0,1,10.067791054815325,10.932208945184675,20.5,21.5
1820.0,10.789276438211939,10.826334814291696,8.854156441580525,21.0,1,10.173665185708304,10.826334814291696,20.5,21.5
1821.0,10.79263139821306,10.89541139875261,8.853550797275327,21.0,1,10.10458860124739,10.89541139875261,20.5,21.5
1822.0,10.795985038012748,10.929092739932265,8.852943997386076,21.0,1,10.070907260067735,10.929092739932265,20.5,21.5
1823.0,10.799337357665873,10.97914465576851,8.852336042734288,21.0,1,10.02085534423149,10.97914465576851,20.5,21.5
1824.0,10.802688357227563,11.023541819334458,8.851726934143048,21.0,1,9.976458180665542,11.023541819334458,20.5,21.5
1825.0,10.806038036753202,11.019119587296391,8.851116672437,21.0,1,9.980880412703609,11.019119587296391,20.5,21.5
1826.0,10.80938639629843,11.062227246225419,8.85050525844235,21.0,1,9.937772753774581,11.062227246225419,20.5,21.5
1827.0,10.812733435919146,11.045843953331017,8.849892692986863,21.0,1,9.954156046668983,11.045843953331017,20.5,21.5
1828.0,10.816079155671503,10.99916778788761,8.849278976899868,21.0,1,10.00083221211239,10.99916778788761,20.5,21.5
1829.0,10.819423555611912,10.843658313440622,8.84866411101224,21.0,1,10.156341686559378,10.843658313440622,20.5,21.5
1830.0,10.822766635797047,10.958013991033113,8.848048096156425,21.0,1,10.041986008966887,10.958013991033113,20.5,21.5
1831.0,10.826108396283834,10.877791164606858,8.847430933166416,21.0,1,10.122208835393142,10.877791164606858,20.5,21.5
1832.0,10.829448837129462,10.88003024910352,8.846812622877762,21.0,1,10.11996975089648,10.88003024910352,20.5,21.5
1833.0,10.832787958391378,10.843139234605205,8.846193166127565,21.0,1,10.156860765394795,10.843139234605205,20.5,21.5
1834.0,10.83612576012729,11.026755280240026,8.845572563754478,21.0,1,9.973244719759974,11.026755280240026,20.5,21.5
1835.0,10.839462242395166,11.031069554862064,8.844950816598711,21.0,1,9.968930445137936,11.031069554862064,20.5,21.5
1836.0,10.842797405253235,11.170343109960383,8.844327925502014,21.0,1,9.829656890039617,11.170343109960383,20.5,21.5
1837.0,10.846131248759985,11.219108322779652,8.843703891307698,21.0,1,9.780891677220348,11.219108322779652,20.5,21.5
1838.0,10.849463772974167,11.252120245538734,8.843078714860608,21.0,1,9.747879754461266,11.252120245538734,20.5,21.5
1839.0,10.852794977954796,11.16145749585427,8.842452397007147,21.0,1,9.83854250414573,11.16145749585427,20.5,21.5
1840.0,10.856124863761146,11.133780442481758,8.841824938595257,21.0,1,9.866219557518242,11.133780442481758,20.5,21.5
1841.0,10.859453430452756,10.985777034520067,8.841196340474426,21.0,1,10.014222965479933,10.985777034520067,20.5,21.5
1842.0,10.86278067808943,10.900370914240746,8.840566603495684,21.0,1,10.099629085759254,10.900370914240746,20.5,21.5
1843.0,10.866106606731233,10.970264552706247,8.839935728511605,21.0,1,10.029735447293753,10.970264552706247,20.5,21.5
1844.0,10.869431216438493,10.975003350458236,8.8393037163763,21.0,1,10.024996649541764,10.975003350458236,20.5,21.5
1845.0,10.872754507271805,11.002218459666754,8.838670567945424,21.0,1,9.997781540333246,11.002218459666754,20.5,21.5
1846.0,10.87607647929203,11.089897702246827,8.838036284076168,21.0,1,9.910102297753173,11.089897702246827,20.5,21.5
1847.0,10.87939713256029,11.150680130640096,8.83740086562726,21.0,1,9.849319869359904,11.150680130640096,20.5,21.5
1848.0,10.88271646713798,10.986092977039313,8.836764313458962,21.0,1,10.013907022960687,10.986092977039313,20.5,21.5
1849.0,10.886034483086753,10.992871903722852,8.836126628433076,21.0,1,10.007128096277148,10.992871903722852,20.5,21.5
1850.0,10.889351180468536,10.906814704260409,8.835487811412936,21.0,1,10.093185295739591,10.906814704260409,20.5,21.5
1851.0,10.892666559345518,10.88822764126281,8.834847863263407,21.0,1,10.11177235873719,10.88822764126281,20.5,21.5
1852.0,10.895980619780158,10.840772329608628,8.834206784850885,21.0,1,10.159227670391372,10.840772329608628,20.5,21.5
1853.0,10.89929336183518,10.960381099837496,8.833564577043296,21.0,1,10.039618900162504,10.960381099837496,20.5,21.5
1854.0,10.902604785573583,10.893484412319008,8.8329212407101,21.0,1,10.106515587680992,10.893484412319008,20.5,21.5
1855.0,10.905914891058629,10.931849622053594,8.832276776722278,21.0,1,10.068150377946406,10.931849622053594,20.5,21.5
1856.0,10.90922367835385,11.015653993972563,8.831631185952341,21.0,1,9.984346006027437,11.015653993972563,20.5,21.5
1857.0,10.91253114752305,11.00697968458264,8.830984469274329,21.0,1,9.99302031541736,11.00697968458264,20.5,21.5
1858.0,10.915837298630299,11.032637892389435,8.830336627563797,21.0,1,9.967362107610565,11.032637892389435,20.5,21.5
1859.0,10.919142131739944,11.116561399070374,8.829687661697832,21.0,1,9.883438600929626,11.116561399070374,20.5,21.5
1860.0,10.922445646916596,11.183803223355914,8.829037572555041,21.0,1,9.816196776644086,11.183803223355914,20.5,21.5
1861.0,10.925747844225143,11.111018649941547,8.828386361015548,21.0,1,9.888981350058453,11.111018649941547,20.5,21.5
1862.0,10.92904872373074,11.241011578316336,8.827734027961,21.0,1,9.758988421683664,11.241011578316336,20.5,21.5
1863.0,10.932348285498817,11.241529370169772,8.827080574274563,21.0,1,9.758470629830228,11.241529370169772,20.5,21.5
1864.0,10.935646529595076,11.17540986798879,8.826426000840915,21.0,1,9.82459013201121,11.17540986798879,20.5,21.5
1865.0,10.938943456085491,11.10213364726617,8.825770308546254,21.0,1,9.89786635273383,11.10213364726617,20.5,21.5
1866.0,10.942239065036311,11.022107859788813,8.825113498278295,21.0,1,9.977892140211187,11.022107859788813,20.5,21.5
1867.0,10.945533356514058,10.986768902220417,8.824455570926263,21.0,1,10.013231097779583,10.986768902220417,20.5,21.5
1868.0,10.94882633058553,10.985471063801196,8.823796527380896,21.0,1,10.014528936198804,10.985471063801196,20.5,21.5
1869.0,10.952117987317795,11.070721554517746,8.823136368534442,21.0,1,9.929278445482254,11.070721554517746,20.5,21.5
1870.0,10.955408326778201,11.09053992236748,8.822475095280662,21.0,1,9.90946007763252,11.09053992236748,20.5,21.5
1871.0,10.958697349034368,11.237712895287995,8.821812708514825,21.0,1,9.762287104712005,11.237712895287995,20.5,21.5
1872.0,10.961985054154196,11.2670862581414,8.821149209133704,21.0,1,9.7329137418586,11.2670862581414,20.5,21.5
1873.0,10.965271442205855,11.30971698793871,8.820484598035582,21.0,1,9.69028301206129,11.30971698793871,20.5,21.5
1874.0,10.968556513257798,11.33006364837498,8.819818876120248,21.0,1,9.66993635162502,11.33006364837498,20.5,21.5
1875.0,10.971840267378752,11.342779289780262,8.819152044288991,21.0,1,9.657220710219738,11.342779289780262,20.5,21.5
1876.0,10.975122704637723,11.266195908966036,8.818484103444606,21.0,1,9.733804091033964,11.266195908966036,20.5,21.5
1877.0,10.978403825103992,11.19656391252373,8.817815054491387,21.0,1,9.80343608747627,11.19656391252373,20.5,21.5
1878.0,10.981683628847122,11.105546588744724,8.817144898335128,21.0,1,9.894453411255276,11.105546588744724,20.5,21.5
1879.0,10.984962115936952,11.082815981422595,8.816473635883126,21.0,1,9.917184018577405,11.082815981422595,20.5,21.5
1880.0,10.988239286443601,11.096551100727229,8.815801268044172,21.0,1,9.903448899272771,11.096551100727229,20.5,21.5
1881.0,10.991515140437468,11.181270181767212,8.815127795728554,21.0,1,9.818729818232788,11.181270181767212,20.5,21.5
1882.0,10.994789677989232,11.219663006565984,8.814453219848057,21.0,1,9.780336993434016,11.219663006565984,20.5,21.5
1883.0,10.99806289916985,11.297941610946285,8.813777541315957,21.0,1,9.702058389053715,11.297941610946285,20.5,21.5
1884.0,11.001334804050567,11.328345402012292,8.813100761047028,21.0,1,9.671654597987708,11.328345402012292,20.5,21.5
1885.0,11.0046053927029,11.362346466788182,8.812422879957529,21.0,1,9.637653533211818,11.362346466788182,20.5,21.5
1886.0,11.007874665198651,11.286492682061162,8.811743898965215,21.0,1,9.713507317938838,11.286492682061162,20.5,21.5
1887.0,11.011142621609906,11.163227885237983,8.811063818989327,21.0,1,9.836772114762017,11.163227885237983,20.5,21.5
1888.0,11.014409262009032,11.19438908207076,8.810382640950595,21.0,1,9.80561091792924,11.19438908207076,20.5,21.5
1889.0,11.01767458646868,11.03718156057699,8.809700365771235,21.0,1,9.96281843942301,11.03718156057699,20.5,21.5
1890.0,11.02093859506178,10.993528692119469,8.809016994374947,21.0,1,10.006471307880531,10.993528692119469,20.5,21.5
1891.0,11.024201287861551,10.94183092060713,8.80833252768692,21.0,1,10.05816907939287,10.94183092060713,20.5,21.5
1892.0,11.027462664941494,11.074107926501776,8.807646966633822,21.0,1,9.925892073498224,11.074107926501776,20.5,21.5
1893.0,11.03072272637539,10.967590902153104,8.806960312143802,21.0,1,10.032409097846896,10.967590902153104,20.5,21.5
1894.0,11.033981472237313,11.084714545607612,8.806272565146491,21.0,1,9.915285454392388,11.084714545607612,20.5,21.5
1895.0,11.037238902601617,11.179057885187026,8.805583726573,21.0,1,9.820942114812974,11.179057885187026,20.5,21.5
1896.0,11.040495017542941,11.200140533747923,8.804893797355914,21.0,1,9.799859466252077,11.200140533747923,20.5,21.5
1897.0,11.043749817136213,11.312840893097347,8.8042027784293,21.0,1,9.687159106902653,11.312840893097347,20.5,21.5
1898.0,11.047003301456645,11.518348906579249,8.803510670728695,21.0,1,9.481651093420751,11.518348906579249,20.5,21.5
1899.0,11.050255470579735,11.607563708769327,8.802817475191114,21.0,1,9.392436291230673,11.607563708769327,20.5,21.5
1900.0,11.053506324581273,11.557500811802617,8.802123192755044,21.0,1,9.442499188197383,11.557500811802617,20.5,21.5
1901.0,11.056755863537331,11.554800558594497,8.801427824360442,21.0,1,9.445199441405503,11.554800558594497,20.5,21.5
1902.0,11.060004087524272,11.374037752692452,8.800731370948734,21.0,1,9.625962247307548,11.374037752692452,20.5,21.5
1903.0,11.063250996618747,11.374167311912991,8.80003383346282,21.0,1,9.625832688087009,11.374167311912991,20.5,21.5
1904.0,11.066496590897694,11.299306182536526,8.799335212847062,21.0,1,9.700693817463474,11.299306182536526,20.5,21.5
1905.0,11.069740870438345,11.322580257499144,8.798635510047292,21.0,1,9.677419742500856,11.322580257499144,20.5,21.5
1906.0,11.072983835318215,11.355548109364815,8.797934726010809,21.0,1,9.644451890635185,11.355548109364815,20.5,21.5
1907.0,11.076225485615113,11.388965709917406,8.79723286168637,21.0,1,9.611034290082594,11.388965709917406,20.5,21.5
1908.0,11.079465821407137,11.380727235196517,8.796529918024197,21.0,1,9.619272764803483,11.380727235196517,20.5,21.5
1909.0,11.082704842772676,11.41411796357863,8.795825895975975,21.0,1,9.58588203642137,11.41411796357863,20.5,21.5
1910.0,11.08594254979041,11.344935762489355,8.795120796494848,21.0,1,9.655064237510645,11.344935762489355,20.5,21.5
1911.0,11.089178942539311,11.428586418228619,8.794414620535418,21.0,1,9.571413581771381,11.428586418228619,20.5,21.5
1912.0,11.092414021098643,11.427864834056718,8.793707369053745,21.0,1,9.572135165943282,11.427864834056718,20.5,21.5
1913.0,11.09564778554796,11.323124326955,8.792999043007347,21.0,1,9.676875673045,11.323124326955,20.5,21.5
1914.0,11.098880235967114,11.29494139841145,8.79228964335519,21.0,1,9.70505860158855,11.29494139841145,20.5,21.5
1915.0,11.102111372436243,11.39756879919037,8.791579171057704,21.0,1,9.60243120080963,11.39756879919037,20.5,21.5
1916.0,11.105341195035782,11.318233840346396,8.79086762707676,21.0,1,9.681766159653604,11.318233840346396,20.5,21.5
1917.0,11.108569703846463,11.366182588888387,8.79015501237569,21.0,1,9.633817411111613,11.366182588888387,20.5,21.5
1918.0,11.111796898949306,11.402435666880706,8.789441327919269,21.0,1,9.597564333119294,11.402435666880706,20.5,21.5
1919.0,11.11502278042563,11.380489215677702,8.788726574673722,21.0,1,9.619510784322298,11.380489215677702,20.5,21.5
1920.0,11.118247348357047,11.354610863672198,8.788010753606722,21.0,1,9.645389136327802,11.354610863672198,20.5,21.5
1921.0,11.121470602825463,11.41679315859445,8.787293865687387,21.0,1,9.58320684140555,11.41679315859445,20.5,21.5
1922.0,11.124692543913083,11.346208916558611,8.786575911886278,21.0,1,9.653791083441389,11.346208916558611,20.5,21.5
1923.0,11.127913171702408,11.341441918215475,8.785856893175403,21.0,1,9.658558081784525,11.341441918215475,20.5,21.5
1924.0,11.131132486276233,11.303503196095086,8.785136810528206,21.0,1,9.696496803904914,11.303503196095086,20.5,21.5
1925.0,11.13435048771765,11.253895299988134,8.784415664919576,21.0,1,9.746104700011866,11.253895299988134,20.5,21.5
1926.0,11.137567176110052,11.21647110221277,8.783693457325839,21.0,1,9.78352889778723,11.21647110221277,20.5,21.5
1927.0,11.140782551537123,11.247731528347076,8.782970188724763,21.0,1,9.752268471652924,11.247731528347076,20.5,21.5
1928.0,11.143996614082852,11.175901203674623,8.782245860095543,21.0,1,9.824098796325377,11.175901203674623,20.5,21.5
1929.0,11.147209363831523,11.231295457762291,8.78152047241882,21.0,1,9.768704542237709,11.231295457762291,20.5,21.5
1930.0,11.15042080086772,11.29559932997653,8.78079402667666,21.0,1,9.70440067002347,11.29559932997653,20.5,21.5
1931.0,11.153630925276323,11.351703339567404,8.780066523852566,21.0,1,9.648296660432596,11.351703339567404,20.5,21.5
1932.0,11.156839737142516,11.413979660510378,8.779337964931473,21.0,1,9.586020339489622,11.413979660510378,20.5,21.5
1933.0,11.160047236551778,11.438627612203595,8.778608350899745,21.0,1,9.561372387796405,11.438627612203595,20.5,21.5
1934.0,11.163253423589893,11.466311408463037,8.77787768274517,21.0,1,9.533688591536963,11.466311408463037,20.5,21.5
1935.0,11.166458298342945,11.415916976976266,8.777145961456972,21.0,1,9.584083023023734,11.415916976976266,20.5,21.5
1936.0,11.169661860897317,11.329544303969865,8.776413188025789,21.0,1,9.670455696030135,11.329544303969865,20.5,21.5
1937.0,11.172864111339694,11.319836965384614,8.775679363443695,21.0,1,9.680163034615386,11.319836965384614,20.5,21.5
1938.0,11.176065049757062,11.423782749256853,8.774944488704179,21.0,1,9.576217250743147,11.423782749256853,20.5,21.5
1939.0,11.179264676236711,11.38145096535034,8.774208564802159,21.0,1,9.61854903464966,11.38145096535034,20.5,21.5
1940.0,11.182462990866233,11.457742236248402,8.773471592733964,21.0,1,9.542257763751598,11.457742236248402,20.5,21.5
1941.0,11.185659993733521,11.546314158098863,8.772733573497352,21.0,1,9.453685841901137,11.546314158098863,20.5,21.5
1942.0,11.188855684926777,11.675023108985915,8.77199450809149,21.0,1,9.324976891014085,11.675023108985915,20.5,21.5
1943.0,11.192050064534499,11.678232234295216,8.77125439751697,21.0,1,9.321767765704784,11.678232234295216,20.5,21.5
1944.0,11.195243132645492,11.7819007054874,8.77051324277579,21.0,1,9.2180992945126,11.7819007054874,20.5,21.5
1945.0,11.198434889348869,11.707337282708096,8.769771044871367,21.0,1,9.292662717291904,11.707337282708096,20.5,21.5
1946.0,11.201625334734043,11.740170423805436,8.769027804808532,21.0,1,9.259829576194564,11.740170423805436,20.5,21.5
1947.0,11.204814468890735,11.614650097391825,8.768283523593523,21.0,1,9.385349902608175,11.614650097391825,20.5,21.5
1948.0,11.208002291908969,11.619704097086009,8.76753820223399,21.0,1,9.380295902913991,11.619704097086009,20.5,21.5
1949.0,11.211188803879077,11.583751752590212,8.766791841738986,21.0,1,9.416248247409788,11.583751752590212,20.5,21.5
1950.0,11.214374004891697,11.554463846351425,8.766044443118979,21.0,1,9.445536153648575,11.554463846351425,20.5,21.5
1951.0,11.217557895037773,11.452309572038718,8.765296007385835,21.0,1,9.547690427961282,11.452309572038718,20.5,21.5
1952.0,11.220740474408556,11.474940077889674,8.764546535552832,21.0,1,9.525059922110326,11.474940077889674,20.5,21.5
1953.0,11.223921743095604,11.430223140747293,8.763796028634642,21.0,1,9.569776859252707,11.430223140747293,20.5,21.5
1954.0,11.227101701190783,11.416321620490962,8.763044487647345,21.0,1,9.583678379509038,11.416321620490962,20.5,21.5
1955.0,11.230280348786268,11.512414426087096,8.762291913608419,21.0,1,9.487585573912904,11.512414426087096,20.5,21.5
1956.0,11.233457685974543,11.552826381100747,8.761538307536737,21.0,1,9.447173618899253,11.552826381100747,20.5,21.5
1957.0,11.236633712848397,11.58129498173886,8.760783670452575,21.0,1,9.41870501826114,11.58129498173886,20.5,21.5
1958.0,11.23980842950093,11.488556695323838,8.760028003377602,21.0,1,9.511443304676162,11.488556695323838,20.5,21.5
1959.0,11.242981836025557,11.44654865801813,8.759271307334881,21.0,1,9.55345134198187,11.44654865801813,20.5,21.5
1960.0,11.246153932515993,11.356429638967452,8.758513583348869,21.0,1,9.643570361032548,11.356429638967452,20.5,21.5
1961.0,11.249324719066271,11.328325205465697,8.757754832445414,21.0,1,9.671674794534303,11.328325205465697,20.5,21.5
1962.0,11.252494195770732,11.264458827484322,8.756995055651757,21.0,1,9.735541172515678,11.264458827484322,20.5,21.5
1963.0,11.255662362724026,11.32376590106536,8.756234253996523,21.0,1,9.67623409893464,11.32376590106536,20.5,21.5
1964.0,11.258829220021116,11.343226053722207,8.755472428509727,21.0,1,9.656773946277793,11.343226053722207,20.5,21.5
1965.0,11.26199476775728,11.326878565310604,8.754709580222773,21.0,1,9.673121434689396,11.326878565310604,20.5,21.5
1966.0,11.265159006028101,11.353844690537292,8.753945710168443,21.0,1,9.646155309462708,11.353844690537292,20.5,21.5
1967.0,11.268321934929482,11.416528020262273,8.75318081938091,21.0,1,9.583471979737727,11.416528020262273,20.5,21.5
1968.0,11.271483554557632,11.46937914444602,8.752414908895725,21.0,1,9.53062085555398,11.46937914444602,20.5,21.5
1969.0,11.274643865009077,11.562898626883017,8.751647979749817,21.0,1,9.437101373116983,11.562898626883017,20.5,21.5
1970.0,11.277802866380657,11.651337401300355,8.750880032981499,21.0,1,9.348662598699645,11.651337401300355,20.5,21.5
1971.0,11.280960558769523,11.662727835374577,8.75011106963046,21.0,1,9.337272164625423,11.662727835374577,20.5,21.5
1972.0,11.284116942273144,11.623850602095867,8.749341090737763,21.0,1,9.376149397904133,11.623850602095867,20.5,21.5
1973.0,11.287272016989299,11.742031757023874,8.74857009734585,21.0,1,9.257968242976126,11.742031757023874,20.5,21.5
1974.0,11.290425783016085,11.635757608476734,8.747798090498533,21.0,1,9.364242391523266,11.635757608476734,20.5,21.5
1975.0,11.293578240451913,11.628870163463947,8.747025071240996,21.0,1,9.371129836536053,11.628870163463947,20.5,21.5
1976.0,11.296729389395509,11.610938723545422,8.746251040619798,21.0,1,9.389061276454578,11.610938723545422,20.5,21.5
1977.0,11.299879229945917,11.56710632108452,8.745475999682862,21.0,1,9.43289367891548,11.56710632108452,20.5,21.5
1978.0,11.303027762202497,11.424703704120665,8.744699949479482,21.0,1,9.575296295879335,11.424703704120665,20.5,21.5
1979.0,11.306174986264923,11.332642141840191,8.743922891060318,21.0,1,9.667357858159809,11.332642141840191,20.5,21.5
1980.0,11.309320902233187,11.40472258318675,8.743144825477394,21.0,1,9.59527741681325,11.40472258318675,20.5,21.5
1981.0,11.312465510207602,11.4325584489382,8.742365753784098,21.0,1,9.5674415510618,11.4325584489382,20.5,21.5
1982.0,11.315608810288794,11.422460224577476,8.741585677035179,21.0,1,9.577539775422524,11.422460224577476,20.5,21.5
1983.0,11.318750802577709,11.52412269275795,8.74080459628675,21.0,1,9.47587730724205,11.52412269275795,20.5,21.5
1984.0,11.321891487175613,11.631295091907457,8.74002251259628,21.0,1,9.368704908092543,11.631295091907457,20.5,21.5
1985.0,11.325030864184086,11.542493575733838,8.739239427022596,21.0,1,9.457506424266162,11.542493575733838,20.5,21.5
1986.0,11.328168933705031,11.520677506195915,8.738455340625883,21.0,1,9.479322493804085,11.520677506195915,20.5,21.5
1987.0,11.33130569584067,11.513319546186107,8.737670254467682,21.0,1,9.486680453813893,11.513319546186107,20.5,21.5
1988.0,11.334441150693547,11.346424023912675,8.736884169610883,21.0,1,9.653575976087325,11.346424023912675,20.5,21.5
1989.0,11.337575298366518,11.381084535998573,8.736097087119735,21.0,1,9.618915464001427,11.381084535998573,20.5,21.5
1990.0,11.34070813896277,11.44615169871661,8.73530900805983,21.0,1,9.55384830128339,11.44615169871661,20.5,21.5
1991.0,11.343839672585801,11.526908842853153,8.734519933498111,21.0,1,9.473091157146847,11.526908842853153,20.5,21.5
1992.0,11.346969899339438,11.60264022053282,8.733729864502877,21.0,1,9.39735977946718,11.60264022053282,20.5,21.5
1993.0,11.350098819327826,11.642952113473182,8.732938802143762,21.0,1,9.357047886526818,11.642952113473182,20.5,21.5
1994.0,11.35322643265543,11.60447372865988,8.73214674749175,21.0,1,9.39552627134012,11.60447372865988,20.5,21.5
1995.0,11.356352739427043,11.515550161385836,8.73135370161917,21.0,1,9.484449838614164,11.515550161385836,20.5,21.5
1996.0,11.359477739747774,11.463216886138502,8.73055966559969,21.0,1,9.536783113861498,11.463216886138502,20.5,21.5
1997.0,11.362601433723059,11.470408130328812,8.729764640508321,21.0,1,9.529591869671188,11.470408130328812,20.5,21.5
1998.0,11.365723821458655,11.534108318707714,8.728968627421413,21.0,1,9.465891681292286,11.534108318707714,20.5,21.5
1999.0,11.368844903060642,11.543637566115354,8.728171627416646,21.0,1,9.456362433884646,11.543637566115354,20.5,21.5
2000.0,11.371964678635427,11.582592965975335,8.727373641573049,21.0,1,9.417407034024665,11.582592965975335,20.5,21.5
2001.0,11.37508314828974,11.591812363762696,8.726574670970976,21.0,1,9.408187636237304,11.591812363762696,20.5,21.5
2002.0,11.378200312130634,11.643241788855287,8.725774716692118,21.0,1,9.356758211144713,11.643241788855287,20.5,21.5
2003.0,11.381316170265487,11.548039254133446,8.724973779819498,21.0,1,9.451960745866554,11.548039254133446,20.5,21.5
2004.0,11.384430722802005,11.545165049755434,8.724171861437467,21.0,1,9.454834950244566,11.545165049755434,20.5,21.5
2005.0,11.387543969848217,11.492766030127163,8.723368962631708,21.0,1,9.507233969872837,11.492766030127163,20.5,21.5
2006.0,11.390655911512479,11.522252648175435,8.722565084489228,21.0,1,9.477747351824565,11.522252648175435,20.5,21.5
2007.0,11.393766547903471,11.511711880094527,8.721760228098363,21.0,1,9.488288119905473,11.511711880094527,20.5,21.5
2008.0,11.396875879130203,11.599862849696235,8.72095439454877,21.0,1,9.400137150303765,11.599862849696235,20.5,21.5
2009.0,11.39998390530201,11.695272051614905,8.720147584931432,21.0,1,9.304727948385095,11.695272051614905,20.5,21.5
2010.0,11.403090626528552,11.70756777909188,8.719339800338652,21.0,1,9.29243222090812,11.70756777909188,20.5,21.5
2011.0,11.406196042919822,11.634351153313563,8.718531041864052,21.0,1,9.365648846686437,11.634351153313563,20.5,21.5
2012.0,11.409300154586136,11.548283236910045,8.717721310602577,21.0,1,9.451716763089955,11.548283236910045,20.5,21.5
2013.0,11.412402961638142,11.51807712636688,8.716910607650483,21.0,1,9.48192287363312,11.51807712636688,20.5,21.5
2014.0,11.415504464186812,11.407048511963168,8.716098934105345,21.0,1,9.592951488036832,11.407048511963168,20.5,21.5
2015.0,11.418604662343451,11.484728242708318,8.715286291066052,21.0,1,9.515271757291682,11.484728242708318,20.5,21.5
2016.0,11.421703556219692,11.504507231031194,8.714472679632804,21.0,1,9.495492768968806,11.504507231031194,20.5,21.5
2017.0,11.424801145927496,11.54390808450902,8.713658100907113,21.0,1,9.45609191549098,11.54390808450902,20.5,21.5
2018.0,11.427897431579156,11.599922426600948,8.7128425559918,21.0,1,9.400077573399052,11.599922426600948,20.5,21.5
2019.0,11.430992413287294,11.662544478030261,8.712026045990996,21.0,1,9.337455521969739,11.662544478030261,20.5,21.5
2020.0,11.434086091164861,11.689475587223388,8.711208572010138,21.0,1,9.310524412776612,11.689475587223388,20.5,21.5
2021.0,11.437178465325143,11.74181353193438,8.710390135155963,21.0,1,9.25818646806562,11.74181353193438,20.5,21.5
2022.0,11.440269535881754,11.720318940848298,8.709570736536522,21.0,1,9.279681059151702,11.720318940848298,20.5,21.5
2023.0,11.44335930294864,11.64251114976284,8.708750377261156,21.0,1,9.35748885023716,11.64251114976284,20.5,21.5
2024.0,11.446447766640077,11.629001912596225,8.707929058440516,21.0,1,9.370998087403775,11.629001912596225,20.5,21.5
2025.0,11.449534927070676,11.57227244771633,8.707106781186548,21.0,1,9.42772755228367,11.57227244771633,20.5,21.5
2026.0,11.452620784355382,11.52183991598621,8.706283546612495,21.0,1,9.47816008401379,11.52183991598621,20.5,21.5
2027.0,11.455705338609468,11.625497531619128,8.7054593558329,21.0,1,9.374502468380872,11.625497531619128,20.5,21.5
2028.0,11.458788589948542,11.651396394523582,8.704634209963595,21.0,1,9.348603605476418,11.651396394523582,20.5,21.5
2029.0,11.461870538488547,11.672184546075307,8.70380811012171,21.0,1,9.327815453924693,11.672184546075307,20.5,21.5
2030.0,11.46495118434576,11.588791440714285,8.702981057425662,21.0,1,9.411208559285715,11.588791440714285,20.5,21.5
2031.0,11.468030527636786,11.641456632691424,8.702153052995163,21.0,1,9.358543367308576,11.641456632691424,20.5,21.5
2032.0,11.471108568478572,11.584324301284123,8.70132409795121,21.0,1,9.415675698715877,11.584324301284123,20.5,21.5
2033.0,11.474185306988396,11.623298256762862,8.700494193416088,21.0,1,9.376701743237138,11.623298256762862,20.5,21.5
2034.0,11.477260743283871,11.613571120938818,8.699663340513366,21.0,1,9.386428879061182,11.613571120938818,20.5,21.5
2035.0,11.480334877482948,11.677299890651929,8.6988315403679,21.0,1,9.322700109348071,11.677299890651929,20.5,21.5
2036.0,11.48340770970391,11.724746683492828,8.697998794105827,21.0,1,9.275253316507172,11.724746683492828,20.5,21.5
2037.0,11.486479240065377,11.796820662031429,8.697165102854564,21.0,1,9.203179337968571,11.796820662031429,20.5,21.5
2038.0,11.489549468686306,11.793761089584587,8.69633046774281,21.0,1,9.206238910415413,11.793761089584587,20.5,21.5
2039.0,11.49261839568599,11.825101963160693,8.695494889900537,21.0,1,9.174898036839307,11.825101963160693,20.5,21.5
2040.0,11.495686021184062,11.818447860323989,8.694658370458997,21.0,1,9.181552139676011,11.818447860323989,20.5,21.5
2041.0,11.498752345300487,11.767584471093155,8.693820910550718,21.0,1,9.232415528906845,11.767584471093155,20.5,21.5
2042.0,11.501817368155569,11.787948512986361,8.692982511309497,21.0,1,9.212051487013639,11.787948512986361,20.5,21.5
2043.0,11.504881089869954,11.790926865022143,8.692143173870408,21.0,1,9.209073134977857,11.790926865022143,20.5,21.5
2044.0,11.50794351056462,11.736378112369284,8.691302899369788,21.0,1,9.263621887630716,11.736378112369284,20.5,21.5
2045.0,11.511004630360889,11.793970136363516,8.69046168894525,21.0,1,9.206029863636484,11.793970136363516,20.5,21.5
2046.0,11.514064449380417,11.769435589062113,8.68961954373567,21.0,1,9.230564410937887,11.769435589062113,20.5,21.5
2047.0,11.517122967745202,11.63938597759063,8.68877646488119,21.0,1,9.36061402240937,11.63938597759063,20.5,21.5
2048.0,11.52018018557758,11.632255535724616,8.687932453523219,21.0,1,9.367744464275384,11.632255535724616,20.5,21.5
2049.0,11.523236103000228,11.823193932333464,8.687087510804423,21.0,1,9.176806067666536,11.823193932333464,20.5,21.5
2050.0,11.526290720136162,11.810508166409459,8.686241637868733,21.0,1,9.189491833590541,11.810508166409459,20.5,21.5
2051.0,11.52934403710874,11.79585454083173,8.68539483586134,21.0,1,9.20414545916827,11.79585454083173,20.5,21.5
2052.0,11.532396054041657,11.877496974266263,8.684547105928688,21.0,1,9.122503025733737,11.877496974266263,20.5,21.5
2053.0,11.535446771058952,11.868993893123426,8.683698449218484,21.0,1,9.131006106876574,11.868993893123426,20.5,21.5
2054.0,11.538496188285006,11.693726868252137,8.682848866879683,21.0,1,9.306273131747863,11.693726868252137,20.5,21.5
2055.0,11.541544305844537,11.651575204024661,8.681998360062499,21.0,1,9.348424795975339,11.651575204024661,20.5,21.5
2056.0,11.54459112386261,11.644797834210038,8.681146929918393,21.0,1,9.355202165789962,11.644797834210038,20.5,21.5
2057.0,11.547636642464628,11.607919417814013,8.680294577600078,21.0,1,9.392080582185987,11.607919417814013,20.5,21.5
2058.0,11.550680861776339,11.612573810423973,8.679441304261516,21.0,1,9.387426189576027,11.612573810423973,20.5,21.5
2059.0,11.553723781923834,11.663898525436341,8.678587111057917,21.0,1,9.336101474563659,11.663898525436341,20.5,21.5
2060.0,11.556765403033545,11.677414994199442,8.677731999145733,21.0,1,9.322585005800558,11.677414994199442,20.5,21.5
2061.0,11.559805725232248,11.571204357025719,8.67687596968266,21.0,1,9.428795642974281,11.571204357025719,20.5,21.5
2062.0,11.562844748647064,11.60094982343959,8.676019023827642,21.0,1,9.39905017656041,11.60094982343959,20.5,21.5
2063.0,11.565882473405457,11.605974847830762,8.675161162740856,21.0,1,9.394025152169238,11.605974847830762,20.5,21.5
2064.0,11.568918899635236,11.650589273732308,8.674302387583724,21.0,1,9.349410726267692,11.650589273732308,20.5,21.5
2065.0,11.571954027464551,11.660372859671059,8.673442699518901,21.0,1,9.339627140328941,11.660372859671059,20.5,21.5
2066.0,11.574987857021902,11.800342479203286,8.67258209971028,21.0,1,9.199657520796714,11.800342479203286,20.5,21.5
2067.0,11.578020388436132,11.767795540894362,8.671720589322991,21.0,1,9.232204459105638,11.767795540894362,20.5,21.5
2068.0,11.581051621836428,11.81259081351624,8.67085816952339,21.0,1,9.18740918648376,11.81259081351624,20.5,21.5
2069.0,11.584081557352324,11.761665728881542,8.669994841479074,21.0,1,9.238334271118458,11.761665728881542,20.5,21.5
2070.0,11.587110195113699,11.84183362498037,8.66913060635886,21.0,1,9.15816637501963,11.84183362498037,20.5,21.5
2071.0,11.590137535250781,11.780138396204283,8.668265465332796,21.0,1,9.219861603795717,11.780138396204283,20.5,21.5
2072.0,11.593163577894142,11.746129285779215,8.66739941957216,21.0,1,9.253870714220785,11.746129285779215,20.5,21.5
2073.0,11.596188323174701,11.766262174306473,8.666532470249452,21.0,1,9.233737825693527,11.766262174306473,20.5,21.5
2074.0,11.599211771223725,11.784564602410317,8.665664618538397,21.0,1,9.215435397589683,11.784564602410317,20.5,21.5
2075.0,11.60223392217283,11.764916451063273,8.664795865613938,21.0,1,9.235083548936727,11.764916451063273,20.5,21.5
2076.0,11.605254776153977,11.793177989137131,8.663926212652242,21.0,1,9.206822010862869,11.793177989137131,20.5,21.5
2077.0,11.608274333299477,11.846590507172584,8.663055660830691,21.0,1,9.153409492827416,11.846590507172584,20.5,21.5
2078.0,11.611292593741988,11.866031046516163,8.66218421132789,21.0,1,9.133968953483837,11.866031046516163,20.5,21.5
2079.0,11.614309557614517,11.857047829312203,8.661311865323652,21.0,1,9.142952170687797,11.857047829312203,20.5,21.5
2080.0,11.61732522505042,11.811872863822282,8.660438623999008,21.0,1,9.188127136177718,11.811872863822282,20.5,21.5
2081.0,11.620339596183403,11.847203902410296,8.6595644885362,21.0,1,9.152796097589704,11.847203902410296,20.5,21.5
2082.0,11.62335267114752,11.870766417327083,8.65868946011868,21.0,1,9.129233582672917,11.870766417327083,20.5,21.5
2083.0,11.626364450077178,11.83598842715451,8.657813539931112,21.0,1,9.16401157284549,11.83598842715451,20.5,21.5
2084.0,11.62937493310713,11.86105716521172,8.656936729159362,21.0,1,9.13894283478828,11.86105716521172,20.5,21.5
2085.0,11.63238412037248,11.883980291808138,8.656059028990507,21.0,1,9.116019708191862,11.883980291808138,20.5,21.5
2086.0,11.635392012008687,11.94807704014092,8.655180440612826,21.0,1,9.05192295985908,11.94807704014092,20.5,21.5
2087.0,11.638398608151554,11.918011453162707,8.654300965215796,21.0,1,9.081988546837293,11.918011453162707,20.5,21.5
2088.0,11.641403908937242,11.86597359508772,8.653420603990106,21.0,1,9.13402640491228,11.86597359508772,20.5,21.5
2089.0,11.64440791450226,11.850796120610305,8.652539358127632,21.0,1,9.149203879389695,11.850796120610305,20.5,21.5
2090.0,11.647410624983468,11.877877284093461,8.651657228821456,21.0,1,9.122122715906539,11.877877284093461,20.5,21.5
2091.0,11.65041204051808,11.7952295238714,8.650774217265852,21.0,1,9.2047704761286,11.7952295238714,20.5,21.5
2092.0,11.653412161243663,11.812420208845149,8.649890324656289,21.0,1,9.187579791154851,11.812420208845149,20.5,21.5
2093.0,11.656410987298134,11.82670214192519,8.649005552189431,21.0,1,9.17329785807481,11.82670214192519,20.5,21.5
2094.0,11.659408518819765,11.846681886834366,8.648119901063131,21.0,1,9.153318113165634,11.846681886834366,20.5,21.5
2095.0,11.662404755947179,11.815711561301011,8.647233372476432,21.0,1,9.184288438698989,11.815711561301011,20.5,21.5
2096.0,11.665399698819355,11.822042613656887,8.646345967629566,21.0,1,9.177957386343113,11.822042613656887,20.5,21.5
2097.0,11.668393347575625,11.848738404674444,8.645457687723951,21.0,1,9.151261595325556,11.848738404674444,20.5,21.5
2098.0,11.671385702355675,11.890362448838374,8.644568533962186,21.0,1,9.109637551161626,11.890362448838374,20.5,21.5
2099.0,11.674376763299543,11.82317727357227,8.643678507548062,21.0,1,9.17682272642773,11.82317727357227,20.5,21.5
2100.0,11.677366530547626,11.882589558379461,8.64278760968654,21.0,1,9.117410441620539,11.882589558379461,20.5,21.5
2101.0,11.680355004240672,11.786687336164338,8.641895841583768,21.0,1,9.213312663835662,11.786687336164338,20.5,21.5
2102.0,11.683342184519786,11.660926971160958,8.641003204447074,21.0,1,9.339073028839042,11.660926971160958,20.5,21.5
2103.0,11.686328071526429,11.60265770346248,8.640109699484956,21.0,1,9.39734229653752,11.60265770346248,20.5,21.5
2104.0,11.689312665402415,11.595468309592494,8.63921532790709,21.0,1,9.404531690407506,11.595468309592494,20.5,21.5
2105.0,11.692295966289917,11.462799702125372,8.638320090924328,21.0,1,9.537200297874628,11.462799702125372,20.5,21.5
2106.0,11.695277974331463,11.638433521988585,8.63742398974869,21.0,1,9.361566478011415,11.638433521988585,20.5,21.5
2107.0,11.698258689669935,11.743773509484557,8.636527025593367,21.0,1,9.256226490515443,11.743773509484557,20.5,21.5
2108.0,11.701238112448575,11.806456938207583,8.635629199672717,21.0,1,9.193543061792417,11.806456938207583,20.5,21.5
2109.0,11.704216242810983,11.87392363886163,8.634730513202268,21.0,1,9.12607636113837,11.87392363886163,20.5,21.5
2110.0,11.707193080901114,12.039411744647989,8.63383096739871,21.0,1,8.960588255352011,12.039411744647989,20.5,21.5
2111.0,11.710168626863279,11.93878863857087,8.6329305634799,21.0,1,9.06121136142913,11.93878863857087,20.5,21.5
2112.0,11.71314288084215,11.981013184814012,8.63202930266485,21.0,1,9.018986815185988,11.981013184814012,20.5,21.5
2113.0,11.716115842982758,11.917676275975579,8.631127186173742,21.0,1,9.082323724024421,11.917676275975579,20.5,21.5
2114.0,11.719087513430487,11.86440248998928,8.630224215227907,21.0,1,9.13559751001072,11.86440248998928,20.5,21.5
2115.0,11.722057892331087,11.762943765889752,8.629320391049838,21.0,1,9.237056234110248,11.762943765889752,20.5,21.5
2116.0,11.725026979830659,11.805244654442436,8.62841571486318,21.0,1,9.194755345557564,11.805244654442436,20.5,21.5
2117.0,11.72799477607567,11.861244220721334,8.627510187892739,21.0,1,9.138755779278666,11.861244220721334,20.5,21.5
2118.0,11.730961281212943,11.89561897541331,8.626603811364461,21.0,1,9.10438102458669,11.89561897541331,20.5,21.5
2119.0,11.73392649538966,11.93186406945087,8.625696586505452,21.0,1,9.06813593054913,11.93186406945087,20.5,21.5
2120.0,11.736890418753365,11.957570566921495,8.62478851454396,21.0,1,9.042429433078505,11.957570566921495,20.5,21.5
2121.0,11.739853051451963,11.987663555916487,8.623879596709386,21.0,1,9.012336444083513,11.987663555916487,20.5,21.5
2122.0,11.742814393633715,11.951431241282837,8.622969834232272,21.0,1,9.048568758717163,11.951431241282837,20.5,21.5
2123.0,11.745774445447248,11.946442190705628,8.622059228344304,21.0,1,9.053557809294372,11.946442190705628,20.5,21.5
2124.0,11.748733207041546,11.963524609119194,8.62114778027831,21.0,1,9.036475390880806,11.963524609119194,20.5,21.5
2125.0,11.751690678565959,11.984365359241758,8.62023549126826,21.0,1,9.015634640758242,11.984365359241758,20.5,21.5
2126.0,11.754646860170194,11.983409212126352,8.61932236254926,21.0,1,9.016590787873648,11.983409212126352,20.5,21.5
2127.0,11.75760175200432,11.995473614745949,8.618408395357555,21.0,1,9.004526385254051,11.995473614745949,20.5,21.5
2128.0,11.76055535421877,12.012420119532038,8.617493590930522,21.0,1,8.987579880467962,12.012420119532038,20.5,21.5
2129.0,11.76350766696434,11.942090183085892,8.616577950506674,21.0,1,9.057909816914108,11.942090183085892,20.5,21.5
2130.0,11.766458690392188,11.962909651180391,8.615661475325659,21.0,1,9.037090348819609,11.962909651180391,20.5,21.5
2131.0,11.769408424653832,11.898540106122184,8.614744166628247,21.0,1,9.101459893877816,11.898540106122184,20.5,21.5
2132.0,11.772356869901158,11.756238850721834,8.613826025656342,21.0,1,9.243761149278166,11.756238850721834,20.5,21.5
2133.0,11.77530402628641,11.75534995887458,8.612907053652977,21.0,1,9.24465004112542,11.75534995887458,20.5,21.5
2134.0,11.7782498939622,11.782191452589258,8.611987251862303,21.0,1,9.217808547410742,11.782191452589258,20.5,21.5
2135.0,11.781194473081499,11.876456714107032,8.6110666215296,21.0,1,9.123543285892968,11.876456714107032,20.5,21.5
2136.0,11.784137763797649,11.941231530540126,8.610145163901267,21.0,1,9.058768469459874,11.941231530540126,20.5,21.5
2137.0,11.78707976626435,12.092272354155464,8.609222880224827,21.0,1,8.907727645844536,12.092272354155464,20.5,21.5
2138.0,11.79002048063567,12.108086272418376,8.608299771748914,21.0,1,8.891913727581624,12.108086272418376,20.5,21.5
2139.0,11.792959907066042,12.115526024296374,8.607375839723286,21.0,1,8.884473975703626,12.115526024296374,20.5,21.5
2140.0,11.79589804571026,12.059520967637244,8.606451085398813,21.0,1,8.940479032362756,12.059520967637244,20.5,21.5
2141.0,11.79883489672349,12.121873041029009,8.605525510027478,21.0,1,8.878126958970991,12.121873041029009,20.5,21.5
2142.0,11.801770460261258,12.03095281321813,8.604599114862374,21.0,1,8.96904718678187,12.03095281321813,20.5,21.5
2143.0,11.804704736479458,12.021541583918331,8.603671901157709,21.0,1,8.978458416081669,12.021541583918331,20.5,21.5
2144.0,11.80763772553435,12.080336047370237,8.602743870168794,21.0,1,8.919663952629763,12.080336047370237,20.5,21.5
2145.0,11.810569427582562,12.066015809215735,8.601815023152048,21.0,1,8.933984190784265,12.066015809215735,20.5,21.5
2146.0,11.813499842781086,12.00200941307164,8.600885361364996,21.0,1,8.99799058692836,12.00200941307164,20.5,21.5
2147.0,11.81642897128728,12.148702165066215,8.599954886066266,21.0,1,8.851297834933785,12.148702165066215,20.5,21.5
2148.0,11.819356813258873,12.083551862596753,8.599023598515586,21.0,1,8.916448137403247,12.083551862596753,20.5,21.5
2149.0,11.822283368853958,12.0843169425613,8.598091499973783,21.0,1,8.9156830574387,12.0843169425613,20.5,21.5
2150.0,11.825208638230997,12.021094691509369,8.597158591702787,21.0,1,8.978905308490631,12.021094691509369,20.5,21.5
2151.0,11.828132621548821,12.084216036281935,8.596224874965616,21.0,1,8.915783963718065,12.084216036281935,20.5,21.5
2152.0,11.831055318966627,11.919642568184994,8.59529035102639,21.0,1,9.080357431815006,11.919642568184994,20.5,21.5
2153.0,11.833976730643979,11.948653793428146,8.594355021150317,21.0,1,9.051346206571854,11.948653793428146,20.5,21.5
2154.0,11.836896856740815,11.941263864293845,8.593418886603702,21.0,1,9.058736135706155,11.941263864293845,20.5,21.5
2155.0,11.839815697417436,12.031535815913132,8.59248194865393,21.0,1,8.968464184086868,12.031535815913132,20.5,21.5
2156.0,11.842733252834515,12.072207225572424,8.591544208569484,21.0,1,8.927792774427576,12.072207225572424,20.5,21.5
2157.0,11.845649523153094,12.174506714614784,8.590605667619926,21.0,1,8.825493285385216,12.174506714614784,20.5,21.5
2158.0,11.848564508534583,12.27448863007655,8.589666327075903,21.0,1,8.72551136992345,12.27448863007655,20.5,21.5
2159.0,11.851478209140764,12.276995858083291,8.588726188209149,21.0,1,8.723004141916709,12.276995858083291,20.5,21.5
2160.0,11.854390625133787,12.24598444058789,8.587785252292473,21.0,1,8.75401555941211,12.24598444058789,20.5,21.5
2161.0,11.857301756676174,12.14891978608162,8.586843520599768,21.0,1,8.85108021391838,12.14891978608162,20.5,21.5
2162.0,11.860211603930814,12.062463285635786,8.585900994406,21.0,1,8.937536714364214,12.062463285635786,20.5,21.5
2163.0,11.863120167060973,11.978324358770545,8.584957674987216,21.0,1,9.021675641229455,11.978324358770545,20.5,21.5
2164.0,11.866027446230282,11.944194540469363,8.58401356362053,21.0,1,9.055805459530637,11.944194540469363,20.5,21.5
2165.0,11.868933441602746,11.925102728240457,8.583068661584134,21.0,1,9.074897271759543,11.925102728240457,20.5,21.5
2166.0,11.87183815334274,11.904622007109777,8.58212297015729,21.0,1,9.095377992890223,11.904622007109777,20.5,21.5
2167.0,11.87474158161501,11.918981623768769,8.581176490620324,21.0,1,9.081018376231231,11.918981623768769,20.5,21.5
2168.0,11.87764372658468,11.909494983199851,8.580229224254634,21.0,1,9.090505016800149,11.909494983199851,20.5,21.5
2169.0,11.880544588417235,11.912322504078848,8.579281172342679,21.0,1,9.087677495921152,11.912322504078848,20.5,21.5
2170.0,11.883444167278544,11.962823597345679,8.578332336167986,21.0,1,9.037176402654321,11.962823597345679,20.5,21.5
2171.0,11.88634246333484,12.057772711971506,8.577382717015142,21.0,1,8.942227288028494,12.057772711971506,20.5,21.5
2172.0,11.889239476752733,12.166875104951167,8.576432316169793,21.0,1,8.833124895048833,12.166875104951167,20.5,21.5
2173.0,11.892135207699205,12.272351216272392,8.575481134918643,21.0,1,8.727648783727608,12.272351216272392,20.5,21.5
2174.0,11.895029656341611,12.345987044722976,8.574529174549456,21.0,1,8.654012955277024,12.345987044722976,20.5,21.5
2175.0,11.897922822847681,12.292615595837288,8.573576436351045,21.0,1,8.707384404162712,12.292615595837288,20.5,21.5
2176.0,11.900814707385516,12.227236892164578,8.572622921613283,21.0,1,8.772763107835422,12.227236892164578,20.5,21.5
2177.0,11.903705310123591,12.201800394754873,8.57166863162709,21.0,1,8.798199605245127,12.201800394754873,20.5,21.5
2178.0,11.906594631230758,12.106291136185416,8.570713567684432,21.0,1,8.893708863814584,12.106291136185416,20.5,21.5
2179.0,11.909482670876242,12.115437593064026,8.569757731078331,21.0,1,8.884562406935974,12.115437593064026,20.5,21.5
2180.0,11.912369429229644,12.122058495135194,8.568801123102851,21.0,1,8.877941504864806,12.122058495135194,20.5,21.5
2181.0,11.915254906460936,12.093151216142255,8.567843745053102,21.0,1,8.906848783857745,12.093151216142255,20.5,21.5
2182.0,11.918139102740467,12.06123540768811,8.56688559822523,21.0,1,8.93876459231189,12.06123540768811,20.5,21.5
2183.0,11.921022018238961,12.07683802544042,8.565926683916434,21.0,1,8.92316197455958,12.07683802544042,20.5,21.5
2184.0,11.923903653127521,12.07000569057276,8.564967003424938,21.0,1,8.92999430942724,12.07000569057276,20.5,21.5
2185.0,11.92678400757762,12.095053321812271,8.564006558050014,21.0,1,8.904946678187729,12.095053321812271,20.5,21.5
2186.0,11.929663081761111,12.05055780985538,8.563045349091967,21.0,1,8.94944219014462,12.05055780985538,20.5,21.5
2187.0,11.932540875850222,12.055071221804566,8.562083377852131,21.0,1,8.944928778195434,12.055071221804566,20.5,21.5
2188.0,11.935417390017555,12.10723993640332,8.561120645632878,21.0,1,8.89276006359668,12.10723993640332,20.5,21.5
2189.0,11.938292624436095,12.094285635835394,8.560157153737608,21.0,1,8.905714364164606,12.094285635835394,20.5,21.5
2190.0,11.941166579279194,12.026159404135175,8.559192903470747,21.0,1,8.973840595864825,12.026159404135175,20.5,21.5
2191.0,11.944039254720591,12.128020088383128,8.558227896137753,21.0,1,8.871979911616872,12.128020088383128,20.5,21.5
2192.0,11.946910650934397,12.086023784361625,8.557262133045104,21.0,1,8.913976215638375,12.086023784361625,20.5,21.5
2193.0,11.949780768095101,12.060152668582582,8.556295615500305,21.0,1,8.939847331417418,12.060152668582582,20.5,21.5
2194.0,11.95264960637757,12.02492865715298,8.55532834481188,21.0,1,8.97507134284702,12.02492865715298,20.5,21.5
2195.0,11.955517165957048,12.060502641588334,8.554360322289371,21.0,1,8.939497358411666,12.060502641588334,20.5,21.5
2196.0,11.958383447009158,12.080482673689229,8.553391549243344,21.0,1,8.919517326310771,12.080482673689229,20.5,21.5
2197.0,11.961248449709903,12.101617799320197,8.552422026985376,21.0,1,8.898382200679803,12.101617799320197,20.5,21.5
2198.0,11.96411217423566,12.13571972760299,8.551451756828056,21.0,1,8.86428027239701,12.13571972760299,20.5,21.5
2199.0,11.96697462076319,12.189786840629022,8.550480740084996,21.0,1,8.810213159370978,12.189786840629022,20.5,21.5
2200.0,11.96983578946963,12.220487438476091,8.549508978070806,21.0,1,8.779512561523909,12.220487438476091,20.5,21.5
2201.0,11.972695680532498,12.19529204193923,8.548536472101114,21.0,1,8.80470795806077,12.19529204193923,20.5,21.5
2202.0,11.975554294129687,12.149935622919022,8.547563223492551,21.0,1,8.850064377080978,12.149935622919022,20.5,21.5
2203.0,11.978411630439474,12.228221585156566,8.546589233562754,21.0,1,8.771778414843434,12.228221585156566,20.5,21.5
2204.0,11.981267689640516,12.228485631233337,8.545614503630365,21.0,1,8.771514368766663,12.228485631233337,20.5,21.5
2205.0,11.984122471911846,12.243799074952305,8.544639035015027,21.0,1,8.756200925047695,12.243799074952305,20.5,21.5
2206.0,11.98697597743288,12.311457099259673,8.543662829037384,21.0,1,8.688542900740327,12.311457099259673,20.5,21.5
2207.0,11.989828206383416,12.411292484003928,8.542685887019076,21.0,1,8.588707515996072,12.411292484003928,20.5,21.5
2208.0,11.992679158943629,12.401384517650168,8.54170821028274,21.0,1,8.598615482349832,12.401384517650168,20.5,21.5
2209.0,11.995528835294076,12.455363379319047,8.540729800152011,21.0,1,8.544636620680953,12.455363379319047,20.5,21.5
2210.0,11.998377235615695,12.479687745622119,8.539750657951513,21.0,1,8.520312254377881,12.479687745622119,20.5,21.5
2211.0,12.001224360089807,12.478905505678144,8.538770785006863,21.0,1,8.521094494321856,12.478905505678144,20.5,21.5
2212.0,12.004070208898113,12.434169883614935,8.537790182644667,21.0,1,8.565830116385065,12.434169883614935,20.5,21.5
2213.0,12.006914782222696,12.30909131538436,8.536808852192518,21.0,1,8.69090868461564,12.30909131538436,20.5,21.5
2214.0,12.00975808024602,12.229820406596161,8.535826794978997,21.0,1,8.770179593403839,12.229820406596161,20.5,21.5
2215.0,12.01260010315093,12.134977627401254,8.534844012333664,21.0,1,8.865022372598746,12.134977627401254,20.5,21.5
2216.0,12.015440851120658,12.09722077644803,8.533860505587068,21.0,1,8.90277922355197,12.09722077644803,20.5,21.5
2217.0,12.018280324338814,12.116257368421632,8.53287627607073,21.0,1,8.883742631578368,12.116257368421632,20.5,21.5
2218.0,12.021118522989392,12.220153953800004,8.531891325117158,21.0,1,8.779846046199996,12.220153953800004,20.5,21.5
2219.0,12.023955447256768,12.245498358591927,8.530905654059831,21.0,1,8.754501641408073,12.245498358591927,20.5,21.5
2220.0,12.026791097325702,12.340761442125599,8.529919264233206,21.0,1,8.659238557874401,12.340761442125599,20.5,21.5
2221.0,12.029625473381339,12.370772410898095,8.52893215697271,21.0,1,8.629227589101905,12.370772410898095,20.5,21.5
2222.0,12.032458575609203,12.347087704212496,8.527944333614743,21.0,1,8.652912295787504,12.347087704212496,20.5,21.5
2223.0,12.035290404195205,12.155406956820674,8.526955795496677,21.0,1,8.844593043179326,12.155406956820674,20.5,21.5
2224.0,12.038120959325639,12.130736500212773,8.525966543956848,21.0,1,8.869263499787227,12.130736500212773,20.5,21.5
2225.0,12.040950241187183,12.100967303661513,8.52497658033456,21.0,1,8.899032696338487,12.100967303661513,20.5,21.5
2226.0,12.043778249966898,12.0206049868731,8.523985905970079,21.0,1,8.9793950131269,12.0206049868731,20.5,21.5
2227.0,12.046604985852232,12.017614152954526,8.522994522204636,21.0,1,8.982385847045474,12.017614152954526,20.5,21.5
2228.0,12.049430449031016,12.171695593485435,8.522002430380418,21.0,1,8.828304406514565,12.171695593485435,20.5,21.5
2229.0,12.052254639691466,12.191511264376498,8.521009631840577,21.0,1,8.808488735623502,12.191511264376498,20.5,21.5
2230.0,12.055077558022182,12.20005047977845,8.520016127929216,21.0,1,8.79994952022155,12.20005047977845,20.5,21.5
2231.0,12.05789920421215,12.112804468068518,8.519021919991395,21.0,1,8.887195531931482,12.112804468068518,20.5,21.5
2232.0,12.060719578450744,12.00653276520175,8.51802700937313,21.0,1,8.99346723479825,12.00653276520175,20.5,21.5
2233.0,12.063538680927717,11.866048331490381,8.517031397421384,21.0,1,9.133951668509619,11.866048331490381,20.5,21.5
2234.0,12.066356511833215,11.870518420536758,8.516035085484072,21.0,1,9.129481579463242,11.870518420536758,20.5,21.5
2235.0,12.069173071357765,11.953978029489008,8.515038074910054,21.0,1,9.046021970510992,11.953978029489008,20.5,21.5
2236.0,12.071988359692282,12.092680289501454,8.514040367049141,21.0,1,8.907319710498546,12.092680289501454,20.5,21.5
2237.0,12.074802377028067,12.261753389089066,8.513041963252082,21.0,1,8.738246610910934,12.261753389089066,20.5,21.5
2238.0,12.077615123556809,12.45107861711935,8.51204286487057,21.0,1,8.54892138288065,12.45107861711935,20.5,21.5
2239.0,12.08042659947058,12.43051322247907,8.511043073257245,21.0,1,8.56948677752093,12.43051322247907,20.5,21.5
2240.0,12.083236804961842,12.406390145453855,8.510042589765675,21.0,1,8.593609854546145,12.406390145453855,20.5,21.5
2241.0,12.086045740223444,12.44141901085336,8.50904141575037,21.0,1,8.55858098914664,12.44141901085336,20.5,21.5
2242.0,12.088853405448619,12.440538369155018,8.508039552566778,21.0,1,8.559461630844982,12.440538369155018,20.5,21.5
2243.0,12.091659800830993,12.317096552413513,8.507037001571273,21.0,1,8.682903447586487,12.317096552413513,20.5,21.5
2244.0,12.094464926564573,12.399957378049026,8.506033764121163,21.0,1,8.600042621950974,12.399957378049026,20.5,21.5
2245.0,12.09726878284376,12.33652860162225,8.50502984157469,21.0,1,8.66347139837775,12.33652860162225,20.5,21.5
2246.0,12.100071369863336,12.316388386765947,8.504025235291017,21.0,1,8.683611613234053,12.316388386765947,20.5,21.5
2247.0,12.10287268781848,12.351500804977285,8.503019946630236,21.0,1,8.648499195022715,12.351500804977285,20.5,21.5
2248.0,12.105672736904749,12.405968739310339,8.50201397695336,21.0,1,8.594031260689661,12.405968739310339,20.5,21.5
2249.0,12.1084715173181,12.350617048861757,8.501007327622329,21.0,1,8.649382951138243,12.350617048861757,20.5,21.5
2250.0,12.111269029254867,12.325407137121852,8.5,21.0,1,8.674592862878148,12.325407137121852,20.5,21.5
2251.0,12.114065272911782,12.242665042802741,8.498991995450147,21.0,1,8.757334957197259,12.242665042802741,20.5,21.5
2252.0,12.116860248485962,12.23027127081618,8.497983315337464,21.0,1,8.76972872918382,12.23027127081618,20.5,21.5
2253.0,12.119653956174911,12.258777237485583,8.496973961027555,21.0,1,8.741222762514417,12.258777237485583,20.5,21.5
2254.0,12.122446396176528,12.170471227445708,8.495963933886943,21.0,1,8.829528772554292,12.170471227445708,20.5,21.5
2255.0,12.125237568689098,12.152843679561238,8.494953235283054,21.0,1,8.847156320438762,12.152843679561238,20.5,21.5
2256.0,12.128027473911295,12.256619907952603,8.493941866584231,21.0,1,8.743380092047397,12.256619907952603,20.5,21.5
2257.0,12.130816112042186,12.163456262329905,8.492929829159719,21.0,1,8.836543737670095,12.163456262329905,20.5,21.5
2258.0,12.133603483281226,12.187653093764876,8.49191712437967,21.0,1,8.812346906235124,12.187653093764876,20.5,21.5
2259.0,12.136389587828258,12.326574825045508,8.490903753615141,21.0,1,8.673425174954492,12.326574825045508,20.5,21.5
2260.0,12.139174425883521,12.313616134093209,8.489889718238087,21.0,1,8.686383865906791,12.313616134093209,20.5,21.5
2261.0,12.141957997647639,12.315827607420065,8.488875019621366,21.0,1,8.684172392579935,12.315827607420065,20.5,21.5
2262.0,12.14474030332163,12.35998520446709,8.487859659138733,21.0,1,8.64001479553291,12.35998520446709,20.5,21.5
2263.0,12.147521343106902,12.320754163667191,8.486843638164839,21.0,1,8.679245836332809,12.320754163667191,20.5,21.5
2264.0,12.150301117205254,12.248524780523047,8.485826958075227,21.0,1,8.751475219476953,12.248524780523047,20.5,21.5
2265.0,12.153079625818878,12.302864329522013,8.484809620246336,21.0,1,8.697135670477987,12.302864329522013,20.5,21.5
2266.0,12.155856869150353,12.282453337727777,8.483791626055496,21.0,1,8.717546662272223,12.282453337727777,20.5,21.5
2267.0,12.158632847402655,12.349369218248835,8.482772976880922,21.0,1,8.650630781751165,12.349369218248835,20.5,21.5
2268.0,12.161407560779148,12.306458186928118,8.481753674101714,21.0,1,8.693541813071882,12.306458186928118,20.5,21.5
2269.0,12.164181009483588,12.288286004536621,8.480733719097866,21.0,1,8.711713995463379,12.288286004536621,20.5,21.5
2270.0,12.166953193720126,12.335528462114851,8.479713113250247,21.0,1,8.664471537885149,12.335528462114851,20.5,21.5
2271.0,12.169724113693302,12.331212638706612,8.478691857940607,21.0,1,8.668787361293388,12.331212638706612,20.5,21.5
2272.0,12.172493769608051,12.322279861177666,8.47766995455158,21.0,1,8.677720138822334,12.322279861177666,20.5,21.5
2273.0,12.1752621616697,12.395074560831102,8.476647404466675,21.0,1,8.604925439168898,12.395074560831102,20.5,21.5
2274.0,12.178029290083966,12.493520378943426,8.475624209070276,21.0,1,8.506479621056574,12.493520378943426,20.5,21.5
2275.0,12.18079515505696,12.427945609360568,8.474600369747641,21.0,1,8.572054390639432,12.427945609360568,20.5,21.5
2276.0,12.18355975679519,12.481881703737919,8.4735758878849,21.0,1,8.518118296262081,12.481881703737919,20.5,21.5
2277.0,12.186323095505553,12.498467459680603,8.472550764869053,21.0,1,8.501532540319397,12.498467459680603,20.5,21.5
2278.0,12.189085171395341,12.438312574569295,8.47152500208797,21.0,1,8.561687425430705,12.438312574569295,20.5,21.5
2279.0,12.191845984672238,12.43622012278333,8.470498600930384,21.0,1,8.56377987721667,12.43622012278333,20.5,21.5
2280.0,12.194605535544325,12.463467357704335,8.469471562785891,21.0,1,8.536532642295665,12.463467357704335,20.5,21.5
2281.0,12.197363824220071,12.4451947194807,8.468443889044954,21.0,1,8.5548052805193,12.4451947194807,20.5,21.5
2282.0,12.200120850908347,12.439185121936621,8.467415581098894,21.0,1,8.560814878063379,12.439185121936621,20.5,21.5
2283.0,12.20287661581841,12.526258376431864,8.466386640339891,21.0,1,8.473741623568136,12.526258376431864,20.5,21.5
2284.0,12.205631119159916,12.58005803119234,8.465357068160982,21.0,1,8.41994196880766,12.58005803119234,20.5,21.5
2285.0,12.208384361142917,12.629044342611246,8.464326865956057,21.0,1,8.370955657388754,12.629044342611246,20.5,21.5
2286.0,12.211136341977856,12.636357330155912,8.463296035119862,21.0,1,8.363642669844088,12.636357330155912,20.5,21.5
2287.0,12.21388706187557,12.74114524147439,8.462264577047991,21.0,1,8.25885475852561,12.74114524147439,20.5,21.5
2288.0,12.216636521047294,12.687292039364644,8.46123249313689,21.0,1,8.312707960635356,12.687292039364644,20.5,21.5
2289.0,12.219384719704657,12.492295918583569,8.460199784783851,21.0,1,8.507704081416431,12.492295918583569,20.5,21.5
2290.0,12.222131658059682,12.380680117655704,8.459166453387011,21.0,1,8.619319882344296,12.380680117655704,20.5,21.5
2291.0,12.224877336324791,12.40349218534131,8.458132500345352,21.0,1,8.59650781465869,12.40349218534131,20.5,21.5
2292.0,12.227621754712798,12.221125664088431,8.457097927058694,21.0,1,8.778874335911569,12.221125664088431,20.5,21.5
2293.0,12.230364913436913,12.249802445495039,8.456062734927702,21.0,1,8.750197554504961,12.249802445495039,20.5,21.5
2294.0,12.233106812710744,12.294097055390175,8.455026925353874,21.0,1,8.705902944609825,12.294097055390175,20.5,21.5
2295.0,12.235847452748292,12.447371704064306,8.453990499739547,21.0,1,8.552628295935694,12.447371704064306,20.5,21.5
2296.0,12.238586833763955,12.436172057891515,8.45295345948789,21.0,1,8.563827942108485,12.436172057891515,20.5,21.5
2297.0,12.24132495597253,12.400314247323909,8.451915806002908,21.0,1,8.599685752676091,12.400314247323909,20.5,21.5
2298.0,12.244061819589207,12.33994298227516,8.450877540689431,21.0,1,8.66005701772484,12.33994298227516,20.5,21.5
2299.0,12.246797424829575,12.439461172884563,8.44983866495312,21.0,1,8.560538827115437,12.439461172884563,20.5,21.5
2300.0,12.249531771909616,12.366153238110368,8.448799180200462,21.0,1,8.633846761889632,12.366153238110368,20.5,21.5
2301.0,12.252264861045713,12.352805291598179,8.44775908783877,21.0,1,8.647194708401821,12.352805291598179,20.5,21.5
2302.0,12.254996692454645,12.418988690905497,8.446718389276176,21.0,1,8.581011309094503,12.418988690905497,20.5,21.5
2303.0,12.257727266353585,12.49316031986842,8.445677085921638,21.0,1,8.50683968013158,12.49316031986842,20.5,21.5
2304.0,12.260456582960108,12.504214678687436,8.444635179184928,21.0,1,8.495785321312564,12.504214678687436,20.5,21.5
2305.0,12.263184642492183,12.50287943342505,8.443592670476635,21.0,1,8.49712056657495,12.50287943342505,20.5,21.5
2306.0,12.265911445168177,12.45505760040913,8.44254956120817,21.0,1,8.54494239959087,12.45505760040913,20.5,21.5
2307.0,12.268636991206858,12.511244145050307,8.441505852791746,21.0,1,8.488755854949693,12.511244145050307,20.5,21.5
2308.0,12.271361280827387,12.569891894698436,8.440461546640394,21.0,1,8.430108105301564,12.569891894698436,20.5,21.5
2309.0,12.274084314249324,12.525178023051296,8.439416644167958,21.0,1,8.474821976948704,12.525178023051296,20.5,21.5
2310.0,12.27680609169263,12.586083076764112,8.438371146789077,21.0,1,8.413916923235888,12.586083076764112,20.5,21.5
2311.0,12.279526613377662,12.613989898144286,8.437325055919208,21.0,1,8.386010101855714,12.613989898144286,20.5,21.5
2312.0,12.282245879525176,12.628974771194379,8.436278372974607,21.0,1,8.371025228805621,12.628974771194379,20.5,21.5
2313.0,12.284963890356325,12.44939409441599,8.435231099372327,21.0,1,8.55060590558401,12.44939409441599,20.5,21.5
2314.0,12.287680646092664,12.534789995638473,8.43418323653023,21.0,1,8.465210004361527,12.534789995638473,20.5,21.5
2315.0,12.290396146956143,12.486764417224084,8.433134785866963,21.0,1,8.513235582775916,12.486764417224084,20.5,21.5
2316.0,12.293110393169114,12.514870296484983,8.432085748801983,21.0,1,8.485129703515017,12.514870296484983,20.5,21.5
2317.0,12.295823384954325,12.419745955848423,8.431036126755531,21.0,1,8.580254044151577,12.419745955848423,20.5,21.5
2318.0,12.298535122534926,12.510724656867731,8.429985921148642,21.0,1,8.489275343132269,12.510724656867731,20.5,21.5
2319.0,12.301245606134463,12.472785309757072,8.428935133403145,21.0,1,8.527214690242928,12.472785309757072,20.5,21.5
2320.0,12.303954835976887,12.46561575276112,8.427883764941654,21.0,1,8.53438424723888,12.46561575276112,20.5,21.5
2321.0,12.306662812286541,12.515382619690945,8.426831817187567,21.0,1,8.484617380309055,12.515382619690945,20.5,21.5
2322.0,12.309369535288175,12.539713497929856,8.425779291565073,21.0,1,8.460286502070144,12.539713497929856,20.5,21.5
2323.0,12.312075005206934,12.608679679874415,8.424726189499134,21.0,1,8.391320320125585,12.608679679874415,20.5,21.5
2324.0,12.314779222268365,12.585612770741978,8.423672512415502,21.0,1,8.414387229258022,12.585612770741978,20.5,21.5
2325.0,12.317482186698415,12.644403747521357,8.4226182617407,21.0,1,8.355596252478643,12.644403747521357,20.5,21.5
2326.0,12.320183898723428,12.519052325713481,8.42156343890203,21.0,1,8.480947674286519,12.519052325713481,20.5,21.5
2327.0,12.322884358570155,12.53142120683241,8.420508045327574,21.0,1,8.46857879316759,12.53142120683241,20.5,21.5
2328.0,12.32558356646574,12.479721661195663,8.419452082446178,21.0,1,8.520278338804337,12.479721661195663,20.5,21.5
2329.0,12.328281522637733,12.41961144335732,8.418395551687462,21.0,1,8.58038855664268,12.41961144335732,20.5,21.5
2330.0,12.330978227314082,12.434467385605757,8.417338454481818,21.0,1,8.565532614394243,12.434467385605757,20.5,21.5
2331.0,12.333673680723138,12.522327413132071,8.416280792260402,21.0,1,8.477672586867929,12.522327413132071,20.5,21.5
2332.0,12.33636788309365,12.55886101425497,8.415222566455133,21.0,1,8.44113898574503,12.55886101425497,20.5,21.5
2333.0,12.339060834654772,12.568788475441483,8.414163778498699,21.0,1,8.431211524558517,12.568788475441483,20.5,21.5
2334.0,12.341752535636052,12.547849105887085,8.413104429824543,21.0,1,8.452150894112915,12.547849105887085,20.5,21.5
2335.0,12.344442986267449,12.46688275892339,8.412044521866868,21.0,1,8.53311724107661,12.46688275892339,20.5,21.5
2336.0,12.347132186779316,12.48116210912848,8.41098405606064,21.0,1,8.51883789087152,12.48116210912848,20.5,21.5
2337.0,12.349820137402409,12.539800877744634,8.409923033841572,21.0,1,8.460199122255366,12.539800877744634,20.5,21.5
2338.0,12.352506838367889,12.54761481743562,8.408861456646138,21.0,1,8.45238518256438,12.54761481743562,20.5,21.5
2339.0,12.355192289907315,12.592889781758545,8.407799325911556,21.0,1,8.407110218241455,12.592889781758545,20.5,21.5
2340.0,12.35787649225265,12.633398429775164,8.406736643075801,21.0,1,8.366601570224836,12.633398429775164,20.5,21.5
2341.0,12.360559445636259,12.63886653856412,8.405673409577588,21.0,1,8.36113346143588,12.63886653856412,20.5,21.5
2342.0,12.363241150290905,12.528488255441847,8.40460962685638,21.0,1,8.471511744558153,12.528488255441847,20.5,21.5
2343.0,12.36592160644976,12.575683092350054,8.403545296352391,21.0,1,8.424316907649946,12.575683092350054,20.5,21.5
2344.0,12.368600814346394,12.534482354187741,8.402480419506563,21.0,1,8.465517645812259,12.534482354187741,20.5,21.5
2345.0,12.37127877421478,12.583010936448497,8.40141499776059,21.0,1,8.416989063551503,12.583010936448497,20.5,21.5
2346.0,12.373955486289296,12.551811761264023,8.400349032556894,21.0,1,8.448188238735977,12.551811761264023,20.5,21.5
2347.0,12.376630950804717,12.626776006854639,8.399282525338643,21.0,1,8.373223993145361,12.626776006854639,20.5,21.5
2348.0,12.379305167996229,12.541525757504354,8.398215477549728,21.0,1,8.458474242495646,12.541525757504354,20.5,21.5
2349.0,12.381978138099413,12.65869936452321,8.39714789063478,21.0,1,8.34130063547679,12.65869936452321,20.5,21.5
2350.0,12.384649861350258,12.653429651958149,8.396079766039158,21.0,1,8.346570348041851,12.653429651958149,20.5,21.5
2351.0,12.387320337985155,12.625259701262298,8.395011105208942,21.0,1,8.374740298737702,12.625259701262298,20.5,21.5
2352.0,12.389989568240896,12.627201426583458,8.393941909590952,21.0,1,8.372798573416542,12.627201426583458,20.5,21.5
2353.0,12.39265755235468,12.595608746496442,8.392872180632716,21.0,1,8.404391253503558,12.595608746496442,20.5,21.5
2354.0,12.395324290564105,12.567572793570104,8.391801919782498,21.0,1,8.432427206429896,12.567572793570104,20.5,21.5
2355.0,12.397989783107178,12.539914672629228,8.390731128489275,21.0,1,8.460085327370772,12.539914672629228,20.5,21.5
2356.0,12.400654030222306,12.458524975613448,8.389659808202738,21.0,1,8.541475024386552,12.458524975613448,20.5,21.5
2357.0,12.4033170321483,12.443523307941636,8.388587960373306,21.0,1,8.556476692058364,12.443523307941636,20.5,21.5
2358.0,12.405978789124374,12.433462262146374,8.387515586452103,21.0,1,8.566537737853626,12.433462262146374,20.5,21.5
2359.0,12.40863930139015,12.428248551610535,8.386442687890968,21.0,1,8.571751448389465,12.428248551610535,20.5,21.5
2360.0,12.41129856918565,12.395647521226124,8.385369266142447,21.0,1,8.604352478773876,12.395647521226124,20.5,21.5
2361.0,12.413956592751303,12.571278175880982,8.384295322659804,21.0,1,8.428721824119018,12.571278175880982,20.5,21.5
2362.0,12.416613372327939,12.575935908260764,8.383220858896998,21.0,1,8.424064091739236,12.575935908260764,20.5,21.5
2363.0,12.419268908156795,12.742351688791846,8.382145876308698,21.0,1,8.257648311208154,12.742351688791846,20.5,21.5
2364.0,12.421923200479512,12.796237954412124,8.381070376350275,21.0,1,8.203762045587876,12.796237954412124,20.5,21.5
2365.0,12.424576249538136,12.883102083138317,8.379994360477799,21.0,1,8.116897916861683,12.883102083138317,20.5,21.5
2366.0,12.427228055575116,12.808919173723833,8.37891783014804,21.0,1,8.191080826276167,12.808919173723833,20.5,21.5
2367.0,12.429878618833307,12.763095382214022,8.377840786818467,21.0,1,8.236904617785978,12.763095382214022,20.5,21.5
2368.0,12.43252793955597,12.673029738609294,8.376763231947237,21.0,1,8.326970261390706,12.673029738609294,20.5,21.5
2369.0,12.435176017986766,12.654145234318216,8.375685166993204,21.0,1,8.345854765681784,12.654145234318216,20.5,21.5
2370.0,12.437822854369768,12.690505052933018,8.374606593415912,21.0,1,8.309494947066982,12.690505052933018,20.5,21.5
2371.0,12.440468448949451,12.696831945381858,8.373527512675594,21.0,1,8.303168054618142,12.696831945381858,20.5,21.5
2372.0,12.443112801970694,12.728598661587663,8.372447926233166,21.0,1,8.271401338412337,12.728598661587663,20.5,21.5
2373.0,12.44575591367878,12.774696125273204,8.371367835550235,21.0,1,8.225303874726796,12.774696125273204,20.5,21.5
2374.0,12.448397784319404,12.724507522132008,8.370287242089086,21.0,1,8.275492477867992,12.724507522132008,20.5,21.5
2375.0,12.45103841413866,12.755684904492776,8.369206147312685,21.0,1,8.244315095507224,12.755684904492776,20.5,21.5
2376.0,12.453677803383052,12.726495575250548,8.368124552684678,21.0,1,8.273504424749452,12.726495575250548,20.5,21.5
2377.0,12.456315952299486,12.805346402913164,8.367042459669388,21.0,1,8.194653597086836,12.805346402913164,20.5,21.5
2378.0,12.458952861135275,12.755577950848082,8.365959869731812,21.0,1,8.244422049151918,12.755577950848082,20.5,21.5
2379.0,12.46158853013814,12.779713933065153,8.36487678433762,21.0,1,8.220286066934847,12.779713933065153,20.5,21.5
2380.0,12.464222959556206,12.651030550183279,8.363793204953152,21.0,1,8.348969449816721,12.651030550183279,20.5,21.5
2381.0,12.466856149638005,12.732591739189452,8.362709133045417,21.0,1,8.267408260810548,12.732591739189452,20.5,21.5
2382.0,12.469488100632475,12.676867402645104,8.361624570082093,21.0,1,8.323132597354896,12.676867402645104,20.5,21.5
2383.0,12.472118812788958,12.663317813305387,8.36053951753152,21.0,1,8.336682186694613,12.663317813305387,20.5,21.5
2384.0,12.474748286357206,12.605615389705289,8.3594539768627,21.0,1,8.394384610294711,12.605615389705289,20.5,21.5
2385.0,12.477376521587376,12.64586945631416,8.3583679495453,21.0,1,8.35413054368584,12.64586945631416,20.5,21.5
2386.0,12.480003518730028,12.676984951396218,8.357281437049645,21.0,1,8.323015048603782,12.676984951396218,20.5,21.5
2387.0,12.482629278036134,12.683941635707509,8.35619444084671,21.0,1,8.316058364292491,12.683941635707509,20.5,21.5
2388.0,12.485253799757071,12.708358545420115,8.355106962408136,21.0,1,8.291641454579885,12.708358545420115,20.5,21.5
2389.0,12.487877084144621,12.769859249993612,8.35401900320621,21.0,1,8.230140750006388,12.769859249993612,20.5,21.5
2390.0,12.490499131450974,12.671160660917034,8.35293056471387,21.0,1,8.328839339082966,12.671160660917034,20.5,21.5
2391.0,12.493119941928729,12.614153588494048,8.351841648404703,21.0,1,8.385846411505952,12.614153588494048,20.5,21.5
2392.0,12.495739515830888,12.500304764450211,8.350752255752944,21.0,1,8.499695235549789,12.500304764450211,20.5,21.5
2393.0,12.498357853410862,12.5429356364359,8.349662388233474,21.0,1,8.4570643635641,12.5429356364359,20.5,21.5
2394.0,12.50097495492247,12.52738231962029,8.348572047321815,21.0,1,8.47261768037971,12.52738231962029,20.5,21.5
2395.0,12.503590820619936,12.582667158798085,8.347481234494131,21.0,1,8.417332841201915,12.582667158798085,20.5,21.5
2396.0,12.506205450757893,12.545059395185095,8.346389951227225,21.0,1,8.454940604814905,12.545059395185095,20.5,21.5
2397.0,12.508818845591383,12.641019459150552,8.345298198998535,21.0,1,8.358980540849448,12.641019459150552,20.5,21.5
2398.0,12.511431005375853,12.707293292036756,8.344205979286135,21.0,1,8.292706707963244,12.707293292036756,20.5,21.5
2399.0,12.514041930367156,12.746835380173817,8.343113293568734,21.0,1,8.253164619826183,12.746835380173817,20.5,21.5
2400.0,12.516651620821557,12.820218015796916,8.34202014332567,21.0,1,8.179781984203084,12.820218015796916,20.5,21.5
2401.0,12.519260076995725,12.884456303804473,8.340926530036906,21.0,1,8.115543696195527,12.884456303804473,20.5,21.5
2402.0,12.521867299146738,12.86659873724054,8.339832455183041,21.0,1,8.13340126275946,12.86659873724054,20.5,21.5
2403.0,12.524473287532084,12.75891099873088,8.338737920245292,21.0,1,8.24108900126912,12.75891099873088,20.5,21.5
2404.0,12.527078042409656,12.591646971065888,8.337642926705499,21.0,1,8.408353028934112,12.591646971065888,20.5,21.5
2405.0,12.529681564037753,12.531617965328955,8.336547476046126,21.0,1,8.468382034671045,12.531617965328955,20.5,21.5
2406.0,12.53228385267509,12.535093523989081,8.335451569750255,21.0,1,8.464906476010919,12.535093523989081,20.5,21.5
2407.0,12.53488490858078,12.578529926037145,8.334355209301583,21.0,1,8.421470073962855,12.578529926037145,20.5,21.5
2408.0,12.537484732014354,12.64395975506891,8.333258396184425,21.0,1,8.35604024493109,12.64395975506891,20.5,21.5
2409.0,12.540083323235745,12.836946359388179,8.332161131883703,21.0,1,8.163053640611821,12.836946359388179,20.5,21.5
2410.0,12.542680682505294,12.838301203685315,8.331063417884959,21.0,1,8.161698796314685,12.838301203685315,20.5,21.5
2411.0,12.545276810083754,12.735595002644187,8.329965255674335,21.0,1,8.264404997355813,12.735595002644187,20.5,21.5
2412.0,12.547871706232284,12.719052598684872,8.328866646738584,21.0,1,8.280947401315128,12.719052598684872,20.5,21.5
2413.0,12.550465371212452,12.717153336791569,8.327767592565063,21.0,1,8.282846663208431,12.717153336791569,20.5,21.5
2414.0,12.553057805286237,12.671471819729813,8.326668094641734,21.0,1,8.328528180270187,12.671471819729813,20.5,21.5
2415.0,12.555649008716022,12.686912585515499,8.325568154457157,21.0,1,8.313087414484501,12.686912585515499,20.5,21.5
2416.0,12.558238981764603,12.786337278045439,8.32446777350049,21.0,1,8.213662721954561,12.786337278045439,20.5,21.5
2417.0,12.560827724695182,12.827406604836781,8.323366953261491,21.0,1,8.172593395163219,12.827406604836781,20.5,21.5
2418.0,12.563415237771371,12.783509756548842,8.322265695230511,21.0,1,8.216490243451158,12.783509756548842,20.5,21.5
2419.0,12.566001521257192,12.801725552566012,8.321164000898493,21.0,1,8.198274447433988,12.801725552566012,20.5,21.5
2420.0,12.568586575417072,12.798062302990717,8.320061871756971,21.0,1,8.201937697009283,12.798062302990717,20.5,21.5
2421.0,12.571170400515852,12.761730039089738,8.318959309298071,21.0,1,8.238269960910262,12.761730039089738,20.5,21.5
2422.0,12.57375299681878,12.727419768478313,8.317856315014499,21.0,1,8.272580231521687,12.727419768478313,20.5,21.5
2423.0,12.576334364591512,12.75967593987724,8.31675289039955,21.0,1,8.24032406012276,12.75967593987724,20.5,21.5
2424.0,12.578914504100114,12.783343748701776,8.315649036947102,21.0,1,8.216656251298224,12.783343748701776,20.5,21.5
2425.0,12.581493415611062,12.772616758018525,8.314544756151614,21.0,1,8.227383241981475,12.772616758018525,20.5,21.5
2426.0,12.584071099391242,12.81239321199882,8.31344004950812,21.0,1,8.18760678800118,12.81239321199882,20.5,21.5
2427.0,12.586647555707946,12.807215339850814,8.312334918512233,21.0,1,8.192784660149186,12.807215339850814,20.5,21.5
2428.0,12.58922278482888,12.833366877253093,8.31122936466014,21.0,1,8.166633122746907,12.833366877253093,20.5,21.5
2429.0,12.591796787022158,12.778115468027035,8.310123389448602,21.0,1,8.221884531972965,12.778115468027035,20.5,21.5
2430.0,12.5943695625563,12.794706329431378,8.309016994374948,21.0,1,8.205293670568622,12.794706329431378,20.5,21.5
2431.0,12.59694111170024,12.762894218154225,8.307910180937077,21.0,1,8.237105781845775,12.762894218154225,20.5,21.5
2432.0,12.599511434723318,12.772905939998504,8.306802950633452,21.0,1,8.227094060001496,12.772905939998504,20.5,21.5
2433.0,12.602080531895288,12.79427058502176,8.305695304963105,21.0,1,8.20572941497824,12.79427058502176,20.5,21.5
2434.0,12.60464840348631,12.833658034278358,8.304587245425628,21.0,1,8.166341965721642,12.833658034278358,20.5,21.5
2435.0,12.607215049766957,12.839899515248518,8.30347877352117,21.0,1,8.160100484751482,12.839899515248518,20.5,21.5
2436.0,12.609780471008209,12.880732540056863,8.302369890750445,21.0,1,8.119267459943137,12.880732540056863,20.5,21.5
2437.0,12.612344667481457,12.854341240484018,8.301260598614716,21.0,1,8.145658759515982,12.854341240484018,20.5,21.5
2438.0,12.614907639458501,12.774084550397637,8.300150898615806,21.0,1,8.225915449602363,12.774084550397637,20.5,21.5
2439.0,12.617469387211553,12.731033393411854,8.299040792256086,21.0,1,8.268966606588146,12.731033393411854,20.5,21.5
2440.0,12.620029911013235,12.619999707984245,8.297930281038482,21.0,1,8.380000292015755,12.619999707984245,20.5,21.5
2441.0,12.622589211136576,12.614218268012213,8.296819366466464,21.0,1,8.385781731987787,12.614218268012213,20.5,21.5
2442.0,12.62514728785502,12.617542478540578,8.295708050044047,21.0,1,8.382457521459422,12.617542478540578,20.5,21.5
2443.0,12.627704141442416,12.676833585001372,8.294596333275795,21.0,1,8.323166414998628,12.676833585001372,20.5,21.5
2444.0,12.630259772173028,12.7176632085486,8.29348421766681,21.0,1,8.2823367914514,12.7176632085486,20.5,21.5
2445.0,12.632814180321526,12.812071032967571,8.292371704722736,21.0,1,8.187928967032429,12.812071032967571,20.5,21.5
2446.0,12.635367366162994,12.862803402019537,8.291258795949755,21.0,1,8.137196597980463,12.862803402019537,20.5,21.5
2447.0,12.637919329972922,12.92764664513783,8.290145492854583,21.0,1,8.07235335486217,12.92764664513783,20.5,21.5
2448.0,12.640470072027217,12.903899712541142,8.289031796944471,21.0,1,8.096100287458858,12.903899712541142,20.5,21.5
2449.0,12.643019592602188,12.9401458822265,8.287917709727203,21.0,1,8.0598541177735,12.9401458822265,20.5,21.5
2450.0,12.645567891974563,12.95988878228449,8.28680323271109,21.0,1,8.04011121771551,12.95988878228449,20.5,21.5
2451.0,12.648114970421476,12.954975862864345,8.285688367404973,21.0,1,8.045024137135655,12.954975862864345,20.5,21.5
2452.0,12.65066082822047,12.913277756834216,8.284573115318219,21.0,1,8.086722243165784,12.913277756834216,20.5,21.5
2453.0,12.653205465649503,13.061228323810742,8.283457477960717,21.0,1,7.938771676189258,13.061228323810742,20.5,21.5
2454.0,12.65574888298694,13.079567881755477,8.282341456842877,21.0,1,7.920432118244523,13.079567881755477,20.5,21.5
2455.0,12.658291080511558,13.039857565247313,8.28122505347563,21.0,1,7.960142434752687,13.039857565247313,20.5,21.5
2456.0,12.660832058502546,13.038797424581352,8.280108269370427,21.0,1,7.961202575418648,13.038797424581352,20.5,21.5
2457.0,12.663371817239502,13.114563544535324,8.27899110603923,21.0,1,7.885436455464676,13.114563544535324,20.5,21.5
2458.0,12.665910357002435,12.945217574310579,8.277873564994515,21.0,1,8.054782425689421,12.945217574310579,20.5,21.5
2459.0,12.668447678071766,12.851070285157551,8.276755647749273,21.0,1,8.148929714842449,12.851070285157551,20.5,21.5
2460.0,12.670983780728326,12.93334878908048,8.275637355816999,21.0,1,8.06665121091952,12.93334878908048,20.5,21.5
2461.0,12.673518665253356,12.904499125233887,8.274518690711702,21.0,1,8.095500874766113,12.904499125233887,20.5,21.5
2462.0,12.676052331928508,12.866102443951277,8.273399653947887,21.0,1,8.133897556048723,12.866102443951277,20.5,21.5
2463.0,12.678584781035848,12.892642221320537,8.272280247040575,21.0,1,8.107357778679463,12.892642221320537,20.5,21.5
2464.0,12.68111601285785,12.875664390311934,8.271160471505274,21.0,1,8.124335609688066,12.875664390311934,20.5,21.5
2465.0,12.683646027677398,12.77178230134064,8.270040328858,21.0,1,8.22821769865936,12.77178230134064,20.5,21.5
2466.0,12.68617482577779,12.732403826570772,8.268919820615265,21.0,1,8.267596173429228,12.732403826570772,20.5,21.5
2467.0,12.688702407442737,12.717577897252664,8.267798948294075,21.0,1,8.282422102747336,12.717577897252664,20.5,21.5
2468.0,12.691228772956354,12.841644709123566,8.266677713411926,21.0,1,8.158355290876434,12.841644709123566,20.5,21.5
2469.0,12.693753922603172,12.802610536026236,8.26555611748681,21.0,1,8.197389463973764,12.802610536026236,20.5,21.5
2470.0,12.696277856668132,12.915487475103712,8.264434162037203,21.0,1,8.084512524896288,12.915487475103712,20.5,21.5
2471.0,12.69880057543659,12.939445645447345,8.26331184858207,21.0,1,8.060554354552655,12.939445645447345,20.5,21.5
2472.0,12.701322079194304,12.973773874219464,8.262189178640865,21.0,1,8.026226125780536,12.973773874219464,20.5,21.5
2473.0,12.703842368227452,12.847330476190777,8.261066153733516,21.0,1,8.152669523809223,12.847330476190777,20.5,21.5
2474.0,12.70636144282262,12.957239498541252,8.259942775380438,21.0,1,8.042760501458748,12.957239498541252,20.5,21.5
2475.0,12.708879303266807,12.88481959372223,8.258819045102522,21.0,1,8.11518040627777,12.88481959372223,20.5,21.5
2476.0,12.711395949847418,12.914052373269811,8.257694964421134,21.0,1,8.085947626730189,12.914052373269811,20.5,21.5
2477.0,12.713911382852276,12.882369066497498,8.256570534858119,21.0,1,8.117630933502502,12.882369066497498,20.5,21.5
2478.0,12.716425602569611,12.942174429429418,8.25544575793579,21.0,1,8.057825570570582,12.942174429429418,20.5,21.5
2479.0,12.718938609288067,12.915587959027537,8.254320635176935,21.0,1,8.084412040972463,12.915587959027537,20.5,21.5
2480.0,12.721450403296696,13.069179659864327,8.253195168104803,21.0,1,7.930820340135673,13.069179659864327,20.5,21.5
2481.0,12.723960984884966,13.034803496513296,8.252069358243114,21.0,1,7.965196503486704,13.034803496513296,20.5,21.5
2482.0,12.726470354342753,13.061702340185406,8.250943207116054,21.0,1,7.9382976598145945,13.061702340185406,20.5,21.5
2483.0,12.728978511960344,13.12368675198879,8.249816716248265,21.0,1,7.8763132480112095,13.12368675198879,20.5,21.5
2484.0,12.73148545802844,13.255209878684497,8.248689887164854,21.0,1,7.7447901213155035,13.255209878684497,20.5,21.5
2485.0,12.733991192838152,13.127187970739428,8.247562721391386,21.0,1,7.872812029260572,13.127187970739428,20.5,21.5
2486.0,12.736495716681004,13.183473615341438,8.246435220453877,21.0,1,7.816526384658562,13.183473615341438,20.5,21.5
2487.0,12.738999029848928,13.119475591147596,8.245307385878803,21.0,1,7.880524408852404,13.119475591147596,20.5,21.5
2488.0,12.741501132634271,12.986249367865941,8.244179219193086,21.0,1,8.013750632134059,12.986249367865941,20.5,21.5
2489.0,12.74400202532979,12.906040513751748,8.2430507219241,21.0,1,8.093959486248252,12.906040513751748,20.5,21.5
2490.0,12.746501708228655,12.9436775834386,8.241921895599669,21.0,1,8.0563224165614,12.9436775834386,20.5,21.5
2491.0,12.749000181624446,12.954901852642788,8.240792741748056,21.0,1,8.045098147357212,12.954901852642788,20.5,21.5
2492.0,12.751497445811154,12.929307606864267,8.239663261897977,21.0,1,8.070692393135733,12.929307606864267,20.5,21.5
2493.0,12.753993501083183,12.939769834164428,8.238533457578582,21.0,1,8.060230165835572,12.939769834164428,20.5,21.5
2494.0,12.756488347735349,12.921307104946106,8.23740333031946,21.0,1,8.078692895053894,12.921307104946106,20.5,21.5
2495.0,12.758981986062878,12.811102828047174,8.236272881650642,21.0,1,8.188897171952826,12.811102828047174,20.5,21.5
2496.0,12.761474416361407,12.742281307001836,8.23514211310259,21.0,1,8.257718692998164,12.742281307001836,20.5,21.5
2497.0,12.763965638926988,12.760244936088577,8.234011026206202,21.0,1,8.239755063911423,12.760244936088577,20.5,21.5
2498.0,12.766455654056081,12.815075811971985,8.232879622492806,21.0,1,8.184924188028015,12.815075811971985,20.5,21.5
2499.0,12.76894446204556,12.845814275206413,8.231747903494158,21.0,1,8.154185724793587,12.845814275206413,20.5,21.5
2500.0,12.77143206319271,12.887802358459988,8.23061587074244,21.0,1,8.112197641540012,12.887802358459988,20.5,21.5
2501.0,12.773918457795228,12.917401285271046,8.229483525770263,21.0,1,8.082598714728954,12.917401285271046,20.5,21.5
2502.0,12.77640364615122,13.042632400686667,8.228350870110656,21.0,1,7.957367599313333,13.042632400686667,20.5,21.5
2503.0,12.778887628559206,13.014461439086052,8.22721790529707,21.0,1,7.985538560913948,13.014461439086052,20.5,21.5
2504.0,12.781370405318118,12.987468455402364,8.22608463286338,21.0,1,8.012531544597636,12.987468455402364,20.5,21.5
2505.0,12.7838519767273,13.008608073337353,8.224951054343865,21.0,1,7.991391926662647,13.008608073337353,20.5,21.5
2506.0,12.786332343086507,12.965455326032464,8.22381717127323,21.0,1,8.034544673967536,12.965455326032464,20.5,21.5
2507.0,12.788811504695902,12.942558464441245,8.22268298518659,21.0,1,8.057441535558755,12.942558464441245,20.5,21.5
2508.0,12.791289461856065,12.862538335729216,8.221548497619468,21.0,1,8.137461664270784,12.862538335729216,20.5,21.5
2509.0,12.793766214867986,12.93402856833288,8.220413710107792,21.0,1,8.06597143166712,12.93402856833288,20.5,21.5
2510.0,12.796241764033066,12.96843715219742,8.219278624187904,21.0,1,8.03156284780258,12.96843715219742,20.5,21.5
2511.0,12.798716109653117,12.999251995224768,8.218143241396543,21.0,1,8.000748004775232,12.999251995224768,20.5,21.5
2512.0,12.801189252030365,12.903453634827878,8.217007563270855,21.0,1,8.096546365172122,12.903453634827878,20.5,21.5
2513.0,12.803661191467446,12.971178370888236,8.21587159134838,21.0,1,8.028821629111764,12.971178370888236,20.5,21.5
2514.0,12.806131928267407,12.89167551713616,8.214735327167062,21.0,1,8.10832448286384,12.89167551713616,20.5,21.5
2515.0,12.808601462733707,12.881645108711714,8.21359877226524,21.0,1,8.118354891288286,12.881645108711714,20.5,21.5
2516.0,12.811069795170217,12.915577929259205,8.212461928181641,21.0,1,8.084422070740795,12.915577929259205,20.5,21.5
2517.0,12.813536925881222,12.895376886318896,8.211324796455388,21.0,1,8.104623113681104,12.895376886318896,20.5,21.5
2518.0,12.816002855171412,12.910641525596668,8.210187378625994,21.0,1,8.089358474403332,12.910641525596668,20.5,21.5
2519.0,12.818467583345896,13.00997318975443,8.209049676233356,21.0,1,7.9900268102455705,13.00997318975443,20.5,21.5
2520.0,12.820931110710191,13.051337434092915,8.20791169081776,21.0,1,7.948662565907085,13.051337434092915,20.5,21.5
2521.0,12.823393437570227,13.061006628082913,8.206773423919872,21.0,1,7.938993371917087,13.061006628082913,20.5,21.5
2522.0,12.825854564232342,13.2158352240033,8.205634877080739,21.0,1,7.7841647759967,13.2158352240033,20.5,21.5
2523.0,12.828314491003292,13.265108805262017,8.20449605184179,21.0,1,7.734891194737983,13.265108805262017,20.5,21.5
2524.0,12.830773218190238,13.237016496789266,8.20335694974483,21.0,1,7.762983503210734,13.237016496789266,20.5,21.5
2525.0,12.833230746100757,13.19494943028521,8.202217572332039,21.0,1,7.8050505697147905,13.19494943028521,20.5,21.5
2526.0,12.835687075042834,13.117915553619508,8.201077921145965,21.0,1,7.882084446380492,13.117915553619508,20.5,21.5
2527.0,12.83814220532487,13.077012861675252,8.199937997729533,21.0,1,7.922987138324748,13.077012861675252,20.5,21.5
2528.0,12.840596137255671,13.01121039531759,8.198797803626034,21.0,1,7.98878960468241,13.01121039531759,20.5,21.5
2529.0,12.843048871144461,12.926813618128026,8.197657340379127,21.0,1,8.073186381871974,12.926813618128026,20.5,21.5
2530.0,12.845500407300873,13.008797105354859,8.19651660953283,21.0,1,7.991202894645141,13.008797105354859,20.5,21.5
2531.0,12.84795074603495,13.066717750413835,8.19537561263153,21.0,1,7.933282249586165,13.066717750413835,20.5,21.5
2532.0,12.850399887657149,13.017188435347725,8.194234351219972,21.0,1,7.982811564652275,13.017188435347725,20.5,21.5
2533.0,12.852847832478338,12.981527436940002,8.193092826843257,21.0,1,8.018472563059998,12.981527436940002,20.5,21.5
2534.0,12.855294580809792,13.025101888202022,8.191951041046844,21.0,1,7.9748981117979785,13.025101888202022,20.5,21.5
2535.0,12.857740132963205,13.000421232737622,8.190808995376544,21.0,1,7.999578767262378,13.000421232737622,20.5,21.5
2536.0,12.860184489250676,13.026337917209906,8.189666691378525,21.0,1,7.973662082790094,13.026337917209906,20.5,21.5
2537.0,12.862627649984718,13.109433704410316,8.188524130599298,21.0,1,7.890566295589684,13.109433704410316,20.5,21.5
2538.0,12.865069615478257,13.198903519982764,8.187381314585725,21.0,1,7.801096480017236,13.198903519982764,20.5,21.5
2539.0,12.867510386044627,13.289476814904665,8.186238244885013,21.0,1,7.710523185095335,13.289476814904665,20.5,21.5
2540.0,12.869949961997573,13.183273312532709,8.185094923044716,21.0,1,7.816726687467291,13.183273312532709,20.5,21.5
2541.0,12.872388343651256,13.259630298629883,8.18395135061272,21.0,1,7.740369701370117,13.259630298629883,20.5,21.5
2542.0,12.874825531320242,13.247763297245717,8.18280752913726,21.0,1,7.752236702754283,13.247763297245717,20.5,21.5
2543.0,12.877261525319515,13.247753804399661,8.181663460166908,21.0,1,7.752246195600339,13.247753804399661,20.5,21.5
2544.0,12.879696325964463,13.21281226443619,8.18051914525056,21.0,1,7.78718773556381,13.21281226443619,20.5,21.5
2545.0,12.882129933570893,13.468385891994194,8.179374585937458,21.0,1,7.531614108005806,13.468385891994194,20.5,21.5
2546.0,12.884562348455015,13.309447009803387,8.178229783777166,21.0,1,7.690552990196613,13.309447009803387,20.5,21.5
2547.0,12.886993570933456,13.163450717620037,8.177084740319584,21.0,1,7.836549282379963,13.163450717620037,20.5,21.5
2548.0,12.889423601323251,13.164729267340004,8.17593945711493,21.0,1,7.835270732659996,13.164729267340004,20.5,21.5
2549.0,12.891852439941848,13.13044112496649,8.174793935713756,21.0,1,7.86955887503351,13.13044112496649,20.5,21.5
2550.0,12.894280087107106,12.942282236859933,8.17364817766693,21.0,1,8.057717763140067,12.942282236859933,20.5,21.5
2551.0,12.896706543137292,12.972400255705901,8.172502184525642,21.0,1,8.027599744294099,12.972400255705901,20.5,21.5
2552.0,12.899131808351088,12.994536304106656,8.171355957841401,21.0,1,8.005463695893344,12.994536304106656,20.5,21.5
2553.0,12.901555883067585,12.97757374420568,8.170209499166033,21.0,1,8.02242625579432,12.97757374420568,20.5,21.5
2554.0,12.903978767606285,12.968524270673788,8.169062810051674,21.0,1,8.031475729326212,12.968524270673788,20.5,21.5
2555.0,12.9064004622871,12.984999070791037,8.167915892050777,21.0,1,8.015000929208963,12.984999070791037,20.5,21.5
2556.0,12.908820967430355,13.004371108275503,8.166768746716103,21.0,1,7.995628891724497,13.004371108275503,20.5,21.5
2557.0,12.911240283356783,13.254954582351463,8.165621375600718,21.0,1,7.745045417648537,13.254954582351463,20.5,21.5
2558.0,12.91365841038753,13.27109523776323,8.164473780258,21.0,1,7.72890476223677,13.27109523776323,20.5,21.5
2559.0,12.916075348844153,13.37478326095131,8.163325962241622,21.0,1,7.625216739048691,13.37478326095131,20.5,21.5
2560.0,12.91849109904862,13.408170777449723,8.162177923105567,21.0,1,7.5918292225502775,13.408170777449723,20.5,21.5
2561.0,12.920905661323305,13.38564707858614,8.161029664404113,21.0,1,7.614352921413859,13.38564707858614,20.5,21.5
2562.0,12.923319035990998,13.181047018316164,8.159881187691836,21.0,1,7.818952981683836,13.181047018316164,20.5,21.5
2563.0,12.925731223374898,13.212474994923614,8.158732494523605,21.0,1,7.787525005076386,13.212474994923614,20.5,21.5
2564.0,12.928142223798615,13.077487209685819,8.157583586454583,21.0,1,7.922512790314181,13.077487209685819,20.5,21.5
2565.0,12.930552037586166,13.061021594516564,8.156434465040231,21.0,1,7.938978405483436,13.061021594516564,20.5,21.5
2566.0,12.932960665061984,13.12427469400824,8.155285131836287,21.0,1,7.875725305991759,13.12427469400824,20.5,21.5
2567.0,12.935368106550909,13.172601913214113,8.154135588398786,21.0,1,7.827398086785887,13.172601913214113,20.5,21.5
2568.0,12.937774362378192,13.14300752756617,8.152985836284039,21.0,1,7.856992472433831,13.14300752756617,20.5,21.5
2569.0,12.940179432869494,13.175900305475542,8.151835877048645,21.0,1,7.824099694524458,13.175900305475542,20.5,21.5
2570.0,12.942583318350886,13.238098307673663,8.150685712249484,21.0,1,7.761901692326337,13.238098307673663,20.5,21.5
2571.0,12.944986019148851,13.238742099602646,8.14953534344371,21.0,1,7.761257900397354,13.238742099602646,20.5,21.5
2572.0,12.947387535590282,13.273670305444307,8.148384772188757,21.0,1,7.726329694555693,13.273670305444307,20.5,21.5
2573.0,12.949787868002481,13.326872651525568,8.147234000042332,21.0,1,7.6731273484744325,13.326872651525568,20.5,21.5
2574.0,12.952187016713161,13.354774916132348,8.146083028562412,21.0,1,7.645225083867652,13.354774916132348,20.5,21.5
2575.0,12.954584982050443,13.295894163500089,8.144931859307247,21.0,1,7.704105836499911,13.295894163500089,20.5,21.5
2576.0,12.956981764342862,13.245538247523905,8.143780493835353,21.0,1,7.754461752476095,13.245538247523905,20.5,21.5
2577.0,12.959377363919359,13.244938567039725,8.142628933705511,21.0,1,7.755061432960275,13.244938567039725,20.5,21.5
2578.0,12.961771781109288,13.252107045395457,8.14147718047677,21.0,1,7.747892954604543,13.252107045395457,20.5,21.5
2579.0,12.964165016242411,13.187042231157568,8.140325235708431,21.0,1,7.812957768842432,13.187042231157568,20.5,21.5
2580.0,12.9665570696489,13.211812323275018,8.139173100960065,21.0,1,7.7881876767249825,13.211812323275018,20.5,21.5
2581.0,12.968947941659337,13.225041289700078,8.138020777791494,21.0,1,7.774958710299922,13.225041289700078,20.5,21.5
2582.0,12.971337632604715,13.248840816337497,8.136868267762797,21.0,1,7.751159183662503,13.248840816337497,20.5,21.5
2583.0,12.973726142816435,13.18119754540221,8.135715572434304,21.0,1,7.81880245459779,13.18119754540221,20.5,21.5
2584.0,12.976113472626308,13.194468225752654,8.134562693366599,21.0,1,7.805531774247346,13.194468225752654,20.5,21.5
2585.0,12.978499622366554,13.189362223493276,8.133409632120513,21.0,1,7.810637776506724,13.189362223493276,20.5,21.5
2586.0,12.980884592369806,13.26177958225119,8.132256390257123,21.0,1,7.73822041774881,13.26177958225119,20.5,21.5
2587.0,12.983268382969102,13.257299736192754,8.131102969337752,21.0,1,7.7427002638072455,13.257299736192754,20.5,21.5
2588.0,12.985650994497892,13.25304565109297,8.129949370923963,21.0,1,7.74695434890703,13.25304565109297,20.5,21.5
2589.0,12.988032427290033,13.241743731420618,8.128795596577563,21.0,1,7.758256268579382,13.241743731420618,20.5,21.5
2590.0,12.990412681679796,13.197386184914517,8.127641647860594,21.0,1,7.802613815085483,13.197386184914517,20.5,21.5
2591.0,12.992791758001857,13.19859260817214,8.126487526335337,21.0,1,7.80140739182786,13.19859260817214,20.5,21.5
2592.0,12.995169656591301,13.12011427847516,8.125333233564305,21.0,1,7.87988572152484,13.12011427847516,20.5,21.5
2593.0,12.997546377783625,13.143255079153088,8.124178771110241,21.0,1,7.8567449208469124,13.143255079153088,20.5,21.5
2594.0,12.999921921914734,13.18948471403715,8.12302414053612,21.0,1,7.81051528596285,13.18948471403715,20.5,21.5
2595.0,13.00229628932094,13.255910576695445,8.121869343405148,21.0,1,7.744089423304555,13.255910576695445,20.5,21.5
2596.0,13.004669480338968,13.205229981567035,8.120714381280749,21.0,1,7.794770018432965,13.205229981567035,20.5,21.5
2597.0,13.007041495305948,13.241552764794912,8.119559255726575,21.0,1,7.758447235205088,13.241552764794912,20.5,21.5
2598.0,13.009412334559421,13.234616045258738,8.1184039683065,21.0,1,7.765383954741262,13.234616045258738,20.5,21.5
2599.0,13.011781998437337,13.2420394547573,8.117248520584617,21.0,1,7.7579605452427,13.2420394547573,20.5,21.5
2600.0,13.014150487278053,13.278104693873976,8.11609291412523,21.0,1,7.721895306126024,13.278104693873976,20.5,21.5
2601.0,13.016517801420335,13.306047004908644,8.114937150492867,21.0,1,7.693952995091356,13.306047004908644,20.5,21.5
2602.0,13.01888394120336,13.227213900744378,8.113781231252261,21.0,1,7.772786099255622,13.227213900744378,20.5,21.5
2603.0,13.02124890696671,13.264137514875761,8.112625157968363,21.0,1,7.735862485124239,13.264137514875761,20.5,21.5
2604.0,13.023612699050377,13.251362196576181,8.111468932206325,21.0,1,7.748637803423819,13.251362196576181,20.5,21.5
2605.0,13.025975317794762,13.152697080406895,8.110312555531513,21.0,1,7.847302919593105,13.152697080406895,20.5,21.5
2606.0,13.028336763540674,13.177515166447122,8.109156029509489,21.0,1,7.822484833552878,13.177515166447122,20.5,21.5
2607.0,13.03069703662933,13.241507546899228,8.107999355706022,21.0,1,7.7584924531007715,13.241507546899228,20.5,21.5
2608.0,13.033056137402356,13.218343314802325,8.106842535687086,21.0,1,7.7816566851976745,13.218343314802325,20.5,21.5
2609.0,13.035414066201785,13.263724043738994,8.105685571018842,21.0,1,7.7362759562610055,13.263724043738994,20.5,21.5
2610.0,13.037770823370057,13.31286141406971,8.104528463267654,21.0,1,7.68713858593029,13.31286141406971,20.5,21.5
2611.0,13.040126409250023,13.292198514245058,8.103371214000077,21.0,1,7.707801485754942,13.292198514245058,20.5,21.5
2612.0,13.04248082418494,13.265958129757797,8.102213824782863,21.0,1,7.734041870242203,13.265958129757797,20.5,21.5
2613.0,13.044834068518472,13.281390435818121,8.101056297182947,21.0,1,7.718609564181879,13.281390435818121,20.5,21.5
2614.0,13.047186142594693,13.281652984302061,8.099898632767452,21.0,1,7.718347015697939,13.281652984302061,20.5,21.5
2615.0,13.049537046758084,13.294647684464888,8.098740833103689,21.0,1,7.705352315535112,13.294647684464888,20.5,21.5
2616.0,13.051886781353533,13.273264359223045,8.09758289975915,21.0,1,7.726735640776955,13.273264359223045,20.5,21.5
2617.0,13.054235346726335,13.320145778194313,8.096424834301509,21.0,1,7.679854221805687,13.320145778194313,20.5,21.5
2618.0,13.056582743222194,13.220250110034524,8.095266638298622,21.0,1,7.779749889965476,13.220250110034524,20.5,21.5
2619.0,13.05892897118722,13.182804420678309,8.094108313318515,21.0,1,7.817195579321691,13.182804420678309,20.5,21.5
2620.0,13.06127403096793,13.205874092504292,8.092949860929393,21.0,1,7.794125907495708,13.205874092504292,20.5,21.5
2621.0,13.06361792291125,13.198910087637197,8.091791282699631,21.0,1,7.801089912362803,13.198910087637197,20.5,21.5
2622.0,13.065960647364513,13.134841929749077,8.09063258019778,21.0,1,7.8651580702509225,13.134841929749077,20.5,21.5
2623.0,13.068302204675456,13.164579194828372,8.089473754992552,21.0,1,7.835420805171628,13.164579194828372,20.5,21.5
2624.0,13.07064259519223,13.193504826532935,8.08831480865283,21.0,1,7.806495173467065,13.193504826532935,20.5,21.5
2625.0,13.072981819263383,13.187570750078152,8.087155742747658,21.0,1,7.812429249921848,13.187570750078152,20.5,21.5
2626.0,13.075319877237877,13.23434718243178,8.085996558846244,21.0,1,7.7656528175682205,13.23434718243178,20.5,21.5
2627.0,13.07765676946508,13.263904049930895,8.084837258517956,21.0,1,7.736095950069105,13.263904049930895,20.5,21.5
2628.0,13.079992496294764,13.373631634817574,8.083677843332316,21.0,1,7.626368365182426,13.373631634817574,20.5,21.5
2629.0,13.08232705807711,13.223142737549875,8.082518314859007,21.0,1,7.776857262450125,13.223142737549875,20.5,21.5
2630.0,13.084660455162705,13.295245010081763,8.08135867466786,21.0,1,7.7047549899182375,13.295245010081763,20.5,21.5
2631.0,13.08699268790254,13.311125688158436,8.080198924328858,21.0,1,7.688874311841564,13.311125688158436,20.5,21.5
2632.0,13.089323756648016,13.384353723668132,8.079039065412141,21.0,1,7.6156462763318675,13.384353723668132,20.5,21.5
2633.0,13.091653661750938,13.424201882101116,8.077879099487985,21.0,1,7.575798117898884,13.424201882101116,20.5,21.5
2634.0,13.093982403563517,13.567043952676647,8.076719028126819,21.0,1,7.432956047323353,13.567043952676647,20.5,21.5
2635.0,13.096309982438372,13.380285246283048,8.075558852899208,21.0,1,7.619714753716952,13.380285246283048,20.5,21.5
2636.0,13.098636398728527,13.290332422632815,8.074398575375863,21.0,1,7.709667577367185,13.290332422632815,20.5,21.5
2637.0,13.10096165278741,13.321549486457712,8.073238197127631,21.0,1,7.678450513542288,13.321549486457712,20.5,21.5
2638.0,13.103285744968856,13.269222413808217,8.072077719725497,21.0,1,7.730777586191783,13.269222413808217,20.5,21.5
2639.0,13.105608675627108,13.153404606684749,8.070917144740578,21.0,1,7.846595393315251,13.153404606684749,20.5,21.5
2640.0,13.107930445116812,13.259655966447365,8.069756473744125,21.0,1,7.740344033552635,13.259655966447365,20.5,21.5
2641.0,13.110251053793021,13.4126940251822,8.068595708307518,21.0,1,7.5873059748178004,13.4126940251822,20.5,21.5
2642.0,13.112570502011193,13.384580927049658,8.067434850002265,21.0,1,7.615419072950342,13.384580927049658,20.5,21.5
2643.0,13.11488879012719,13.36757283498208,8.0662739004,21.0,1,7.632427165017919,13.36757283498208,20.5,21.5
2644.0,13.117205918497282,13.499233800177018,8.06511286107248,21.0,1,7.500766199822982,13.499233800177018,20.5,21.5
2645.0,13.11952188747814,13.52222936117652,8.063951733591585,21.0,1,7.477770638823481,13.52222936117652,20.5,21.5
2646.0,13.121836697426843,13.422782676871382,8.062790519529313,21.0,1,7.577217323128618,13.422782676871382,20.5,21.5
2647.0,13.124150348700878,13.409899965865748,8.06162922045778,21.0,1,7.590100034134252,13.409899965865748,20.5,21.5
2648.0,13.12646284165813,13.39386254522788,8.060467837949215,21.0,1,7.606137454772121,13.39386254522788,20.5,21.5
2649.0,13.128774176656894,13.378105738945607,8.059306373575962,21.0,1,7.621894261054393,13.378105738945607,20.5,21.5
2650.0,13.131084354055867,13.3496954455908,8.058144828910475,21.0,1,7.6503045544092,13.3496954455908,20.5,21.5
2651.0,13.133393374214151,13.320082891690992,8.05698320552532,21.0,1,7.679917108309008,13.320082891690992,20.5,21.5
2652.0,13.135701237491254,13.324509603503099,8.055821504993164,21.0,1,7.675490396496901,13.324509603503099,20.5,21.5
2653.0,13.138007944247088,13.337889068406529,8.054659728886781,21.0,1,7.662110931593471,13.337889068406529,20.5,21.5
2654.0,13.140313494841967,13.31985615789012,8.05349787877905,21.0,1,7.68014384210988,13.31985615789012,20.5,21.5
2655.0,13.142617889636613,13.247694087802213,8.052335956242944,21.0,1,7.752305912197787,13.247694087802213,20.5,21.5
2656.0,13.144921128992149,13.377478198376178,8.05117396285154,21.0,1,7.622521801623822,13.377478198376178,20.5,21.5
2657.0,13.147223213270102,13.316207011075807,8.050011900178008,21.0,1,7.683792988924193,13.316207011075807,20.5,21.5
2658.0,13.149524142832405,13.263654621577405,8.048849769795613,21.0,1,7.736345378422595,13.263654621577405,20.5,21.5
2659.0,13.151823918041393,13.255964149064232,8.047687573277711,21.0,1,7.744035850935768,13.255964149064232,20.5,21.5
2660.0,13.154122539259804,13.352118014369703,8.046525312197746,21.0,1,7.647881985630297,13.352118014369703,20.5,21.5
2661.0,13.156420006850784,13.320709045777932,8.045362988129254,21.0,1,7.679290954222068,13.320709045777932,20.5,21.5
2662.0,13.158716321177877,13.375196395120295,8.044200602645851,21.0,1,7.624803604879705,13.375196395120295,20.5,21.5
2663.0,13.161011482605034,13.36286471726748,8.043038157321238,21.0,1,7.637135282732521,13.36286471726748,20.5,21.5
2664.0,13.163305491496606,13.406869269082335,8.0418756537292,21.0,1,7.5931307309176646,13.406869269082335,20.5,21.5
2665.0,13.165598348217351,13.407899800901408,8.040713093443596,21.0,1,7.592100199098592,13.407899800901408,20.5,21.5
2666.0,13.167890053132426,13.304401397588745,8.039550478038365,21.0,1,7.6955986024112555,13.304401397588745,20.5,21.5
2667.0,13.170180606607396,13.222729362204836,8.03838780908752,21.0,1,7.777270637795164,13.222729362204836,20.5,21.5
2668.0,13.172470009008222,13.238237748931704,8.037225088165146,21.0,1,7.761762251068296,13.238237748931704,20.5,21.5
2669.0,13.174758260701275,13.194779784184266,8.036062316845399,21.0,1,7.8052202158157336,13.194779784184266,20.5,21.5
2670.0,13.177045362053322,13.29833911709899,8.0348994967025,21.0,1,7.70166088290101,13.29833911709899,20.5,21.5
2671.0,13.179331313431538,13.425281196707791,8.033736629310743,21.0,1,7.574718803292209,13.425281196707791,20.5,21.5
2672.0,13.181616115203498,13.468397065965258,8.032573716244482,21.0,1,7.531602934034742,13.468397065965258,20.5,21.5
2673.0,13.183899767737179,13.582272421894583,8.03141075907813,21.0,1,7.417727578105417,13.582272421894583,20.5,21.5
2674.0,13.186182271400959,13.535803188262378,8.03024775938616,21.0,1,7.464196811737622,13.535803188262378,20.5,21.5
2675.0,13.188463626563621,13.367368380401796,8.029084718743112,21.0,1,7.632631619598204,13.367368380401796,20.5,21.5
2676.0,13.190743833594347,13.299066923892076,8.02792163872357,21.0,1,7.700933076107924,13.299066923892076,20.5,21.5
2677.0,13.193022892862723,13.318547832225871,8.026758520902176,21.0,1,7.681452167774129,13.318547832225871,20.5,21.5
2678.0,13.195300804738736,13.325123492004971,8.025595366853622,21.0,1,7.6748765079950285,13.325123492004971,20.5,21.5
2679.0,13.197577569592774,13.413629494756853,8.024432178152654,21.0,1,7.586370505243147,13.413629494756853,20.5,21.5
2680.0,13.199853187795627,13.543554441596138,8.023268956374057,21.0,1,7.456445558403862,13.543554441596138,20.5,21.5
2681.0,13.202127659718487,13.507741837151631,8.022105703092667,21.0,1,7.492258162848369,13.507741837151631,20.5,21.5
2682.0,13.204400985732946,13.558106870675001,8.020942419883356,21.0,1,7.441893129324999,13.558106870675001,20.5,21.5
2683.0,13.206673166210996,13.563191565153854,8.019779108321048,21.0,1,7.436808434846146,13.563191565153854,20.5,21.5
2684.0,13.208944201525032,13.503311596572482,8.018615769980693,21.0,1,7.496688403427518,13.503311596572482,20.5,21.5
2685.0,13.21121409204785,13.399236537575979,8.017452406437284,21.0,1,7.6007634624240215,13.399236537575979,20.5,21.5
2686.0,13.213482838152647,13.478322685696734,8.016289019265846,21.0,1,7.5216773143032665,13.478322685696734,20.5,21.5
2687.0,13.215750440213018,13.446583153655899,8.015125610041437,21.0,1,7.553416846344101,13.446583153655899,20.5,21.5
2688.0,13.218016898602961,13.3473720831684,8.013962180339146,21.0,1,7.6526279168316,13.3473720831684,20.5,21.5
2689.0,13.220282213696873,13.372941102066108,8.012798731734085,21.0,1,7.6270588979338925,13.372941102066108,20.5,21.5
2690.0,13.222546385869553,13.264407627344687,8.011635265801397,21.0,1,7.735592372655313,13.264407627344687,20.5,21.5
2691.0,13.224809415496196,13.183187255208257,8.010471784116246,21.0,1,7.8168127447917435,13.183187255208257,20.5,21.5
2692.0,13.227071302952403,13.205278487396743,8.009308288253816,21.0,1,7.794721512603257,13.205278487396743,20.5,21.5
2693.0,13.22933204861417,13.268332391976031,8.008144779789315,21.0,1,7.731667608023969,13.268332391976031,20.5,21.5
2694.0,13.231591652857896,13.299659612554503,8.00698126029796,21.0,1,7.700340387445497,13.299659612554503,20.5,21.5
2695.0,13.233850116060376,13.43385491974384,8.005817731354995,21.0,1,7.56614508025616,13.43385491974384,20.5,21.5
2696.0,13.236107438598808,13.483106137355142,8.00465419453566,21.0,1,7.516893862644858,13.483106137355142,20.5,21.5
2697.0,13.238363620850787,13.489936866765664,8.003490651415223,21.0,1,7.510063133234336,13.489936866765664,20.5,21.5
2698.0,13.24061866319431,13.50155255832205,8.00232710356895,21.0,1,7.49844744167795,13.50155255832205,20.5,21.5
2699.0,13.242872566007767,13.543957963590339,8.001163552572116,21.0,1,7.456042036409661,13.543957963590339,20.5,21.5
2700.0,13.245125329669955,13.476463746949435,8.0,21.0,1,7.523536253050565,13.476463746949435,20.5,21.5
2701.0,13.247376954560066,13.549610852965534,7.998836447427885,21.0,1,7.450389147034466,13.549610852965534,20.5,21.5
2702.0,13.249627441057688,13.481369418823798,7.99767289643105,21.0,1,7.518630581176202,13.481369418823798,20.5,21.5
2703.0,13.251876789542813,13.511842166369075,7.996509348584777,21.0,1,7.488157833630925,13.511842166369075,20.5,21.5
2704.0,13.254125000395828,13.540229003204576,7.995345805464338,21.0,1,7.459770996795424,13.540229003204576,20.5,21.5
2705.0,13.256372073997516,13.61048813793046,7.994182268645006,21.0,1,7.38951186206954,13.61048813793046,20.5,21.5
2706.0,13.258618010729066,13.5349174833597,7.993018739702039,21.0,1,7.465082516640299,13.5349174833597,20.5,21.5
2707.0,13.260862810972057,13.59427105251146,7.991855220210685,21.0,1,7.405728947488541,13.59427105251146,20.5,21.5
2708.0,13.26310647510847,13.454760556638377,7.990691711746184,21.0,1,7.545239443361623,13.454760556638377,20.5,21.5
2709.0,13.265349003520683,13.395571749763272,7.989528215883754,21.0,1,7.604428250236728,13.395571749763272,20.5,21.5
2710.0,13.267590396591471,13.448677203559257,7.988364734198603,21.0,1,7.5513227964407434,13.448677203559257,20.5,21.5
2711.0,13.269830654704007,13.470619326869183,7.987201268265915,21.0,1,7.529380673130817,13.470619326869183,20.5,21.5
2712.0,13.27206977824186,13.474714893259662,7.986037819660855,21.0,1,7.525285106740338,13.474714893259662,20.5,21.5
2713.0,13.274307767589,13.606261041953237,7.984874389958563,21.0,1,7.393738958046763,13.606261041953237,20.5,21.5
2714.0,13.27654462312979,13.684648574862788,7.983710980734154,21.0,1,7.315351425137212,13.684648574862788,20.5,21.5
2715.0,13.278780345248991,13.668309062818588,7.982547593562717,21.0,1,7.331690937181412,13.668309062818588,20.5,21.5
2716.0,13.281014934331763,13.68392750353208,7.981384230019307,21.0,1,7.316072496467919,13.68392750353208,20.5,21.5
2717.0,13.283248390763658,13.584131762934442,7.980220891678953,21.0,1,7.415868237065558,13.584131762934442,20.5,21.5
2718.0,13.28548071493063,13.520402926691542,7.979057580116644,21.0,1,7.479597073308458,13.520402926691542,20.5,21.5
2719.0,13.287711907219025,13.511002129053628,7.977894296907334,21.0,1,7.488997870946372,13.511002129053628,20.5,21.5
2720.0,13.289941968015588,13.447727754218807,7.976731043625944,21.0,1,7.552272245781193,13.447727754218807,20.5,21.5
2721.0,13.292170897707459,13.413927883814349,7.9755678218473465,21.0,1,7.586072116185651,13.413927883814349,20.5,21.5
2722.0,13.294398696682173,13.536464136342971,7.974404633146378,21.0,1,7.463535863657029,13.536464136342971,20.5,21.5
2723.0,13.29662536532766,13.621547730494683,7.973241479097826,21.0,1,7.378452269505317,13.621547730494683,20.5,21.5
2724.0,13.29885090403225,13.61220687635777,7.972078361276431,21.0,1,7.387793123642229,13.61220687635777,20.5,21.5
2725.0,13.301075313184665,13.660646266444388,7.970915281256889,21.0,1,7.339353733555612,13.660646266444388,20.5,21.5
2726.0,13.303298593174022,13.64106402089756,7.969752240613839,21.0,1,7.358935979102441,13.64106402089756,20.5,21.5
2727.0,13.305520744389835,13.598617937269069,7.9685892409218715,21.0,1,7.4013820627309315,13.598617937269069,20.5,21.5
2728.0,13.307741767222012,13.55223448787397,7.967426283755519,21.0,1,7.447765512126031,13.55223448787397,20.5,21.5
2729.0,13.309961662060857,13.566048668256434,7.966263370689256,21.0,1,7.433951331743566,13.566048668256434,20.5,21.5
2730.0,13.312180429297067,13.518429103064847,7.965100503297499,21.0,1,7.481570896935153,13.518429103064847,20.5,21.5
2731.0,13.314398069321733,13.52250985364677,7.963937683154602,21.0,1,7.4774901463532295,13.52250985364677,20.5,21.5
2732.0,13.316614582526343,13.613276238047376,7.962774911834854,21.0,1,7.386723761952624,13.613276238047376,20.5,21.5
2733.0,13.31882996930278,13.636761813136738,7.96161219091248,21.0,1,7.363238186863262,13.636761813136738,20.5,21.5
2734.0,13.321044230043317,13.557255691264817,7.960449521961635,21.0,1,7.442744308735183,13.557255691264817,20.5,21.5
2735.0,13.323257365140623,13.539694736217047,7.959286906556405,21.0,1,7.460305263782953,13.539694736217047,20.5,21.5
2736.0,13.325469374987762,13.618392853371216,7.9581243462708,21.0,1,7.3816071466287845,13.618392853371216,20.5,21.5
2737.0,13.32768025997819,13.542886439913948,7.956961842678762,21.0,1,7.457113560086052,13.542886439913948,20.5,21.5
2738.0,13.329890020505756,13.523565416714309,7.955799397354149,21.0,1,7.476434583285691,13.523565416714309,20.5,21.5
2739.0,13.332098656964705,13.510654798960491,7.954637011870746,21.0,1,7.489345201039509,13.510654798960491,20.5,21.5
2740.0,13.334306169749674,13.505953674584486,7.953474687802253,21.0,1,7.494046325415514,13.505953674584486,20.5,21.5
2741.0,13.336512559255691,13.438003610197882,7.9523124267222896,21.0,1,7.561996389802118,13.438003610197882,20.5,21.5
2742.0,13.338717825878181,13.522473693133406,7.951150230204386,21.0,1,7.477526306866594,13.522473693133406,20.5,21.5
2743.0,13.340921970012957,13.45574044522441,7.949988099821992,21.0,1,7.544259554775589,13.45574044522441,20.5,21.5
2744.0,13.343124992056227,13.568124992531022,7.94882603714846,21.0,1,7.431875007468978,13.568124992531022,20.5,21.5
2745.0,13.345326892404591,13.618098464397832,7.947664043757056,21.0,1,7.381901535602168,13.618098464397832,20.5,21.5
2746.0,13.347527671455042,13.642498799071324,7.946502121220951,21.0,1,7.3575012009286755,13.642498799071324,20.5,21.5
2747.0,13.349727329604963,13.549499112126236,7.945340271113219,21.0,1,7.450500887873764,13.549499112126236,20.5,21.5
2748.0,13.351925867252133,13.538993027543603,7.944178495006836,21.0,1,7.461006972456397,13.538993027543603,20.5,21.5
2749.0,13.354123284794717,13.485574264517577,7.94301679447468,21.0,1,7.514425735482423,13.485574264517577,20.5,21.5
2750.0,13.356319582631277,13.508937478999297,7.941855171089524,21.0,1,7.491062521000703,13.508937478999297,20.5,21.5
2751.0,13.358514761160764,13.510915891640929,7.940693626424038,21.0,1,7.489084108359071,13.510915891640929,20.5,21.5
2752.0,13.360708820782518,13.525758427890324,7.939532162050786,21.0,1,7.474241572109676,13.525758427890324,20.5,21.5
2753.0,13.362901761896275,13.581856646134312,7.938370779542221,21.0,1,7.418143353865688,13.581856646134312,20.5,21.5
2754.0,13.365093584902157,13.566293677632066,7.9372094804706865,21.0,1,7.433706322367934,13.566293677632066,20.5,21.5
2755.0,13.36728429020068,13.429505622535112,7.936048266408414,21.0,1,7.570494377464888,13.429505622535112,20.5,21.5
2756.0,13.369473878192748,13.322082429315369,7.93488713892752,21.0,1,7.677917570684631,13.322082429315369,20.5,21.5
2757.0,13.37166234927966,13.382229366248731,7.9337260996,21.0,1,7.6177706337512685,13.382229366248731,20.5,21.5
2758.0,13.373849703863101,13.393946794501261,7.932565149997735,21.0,1,7.606053205498739,13.393946794501261,20.5,21.5
2759.0,13.376035942345146,13.388656052542729,7.931404291692482,21.0,1,7.6113439474572715,13.388656052542729,20.5,21.5
2760.0,13.378221065128262,13.5210706430715,7.930243526255874,21.0,1,7.4789293569285,13.5210706430715,20.5,21.5
2761.0,13.380405072615304,13.665852353708193,7.929082855259422,21.0,1,7.334147646291807,13.665852353708193,20.5,21.5
2762.0,13.382587965209519,13.616511652673726,7.927922280274503,21.0,1,7.383488347326274,13.616511652673726,20.5,21.5
2763.0,13.384769743314541,13.594897477198376,7.9267618028723685,21.0,1,7.405102522801624,13.594897477198376,20.5,21.5
2764.0,13.386950407334394,13.606127367518866,7.925601424624137,21.0,1,7.393872632481134,13.606127367518866,20.5,21.5
2765.0,13.389129957673491,13.585349999748539,7.924441147100792,21.0,1,7.414650000251461,13.585349999748539,20.5,21.5
2766.0,13.391308394736633,13.547787151936012,7.923280971873181,21.0,1,7.452212848063988,13.547787151936012,20.5,21.5
2767.0,13.393485718929012,13.553045392879088,7.922120900512015,21.0,1,7.446954607120912,13.553045392879088,20.5,21.5
2768.0,13.395661930656207,13.511583961608958,7.9209609345878595,21.0,1,7.488416038391042,13.511583961608958,20.5,21.5
2769.0,13.397837030324183,13.49829687197124,7.919801075671141,21.0,1,7.50170312802876,13.49829687197124,20.5,21.5
2770.0,13.400011018339299,13.466409320984019,7.918641325332142,21.0,1,7.5335906790159815,13.466409320984019,20.5,21.5
2771.0,13.402183895108296,13.461942558188948,7.917481685140995,21.0,1,7.538057441811052,13.461942558188948,20.5,21.5
2772.0,13.404355661038307,13.43465048495805,7.916322156667685,21.0,1,7.56534951504195,13.43465048495805,20.5,21.5
2773.0,13.406526316536851,13.470908904712848,7.915162741482045,21.0,1,7.529091095287152,13.470908904712848,20.5,21.5
2774.0,13.408695862011832,13.377253655446776,7.914003441153756,21.0,1,7.622746344553224,13.377253655446776,20.5,21.5
2775.0,13.410864297871546,13.400147983351735,7.912844257252342,21.0,1,7.599852016648265,13.400147983351735,20.5,21.5
2776.0,13.413031624524674,13.466988621456911,7.91168519134717,21.0,1,7.5330113785430886,13.466988621456911,20.5,21.5
2777.0,13.415197842380282,13.465847582723649,7.910526245007447,21.0,1,7.534152417276351,13.465847582723649,20.5,21.5
2778.0,13.417362951847824,13.510858608623721,7.90936741980222,21.0,1,7.489141391376279,13.510858608623721,20.5,21.5
2779.0,13.419526953337142,13.611427534477286,7.908208717300369,21.0,1,7.388572465522714,13.611427534477286,20.5,21.5
2780.0,13.421689847258463,13.699172458646505,7.907050139070608,21.0,1,7.300827541353495,13.699172458646505,20.5,21.5
2781.0,13.4238516340224,13.596734955082752,7.9058916866814855,21.0,1,7.403265044917248,13.596734955082752,20.5,21.5
2782.0,13.426012314039953,13.638226717423763,7.904733361701378,21.0,1,7.361773282576237,13.638226717423763,20.5,21.5
2783.0,13.428171887722508,13.550710978306256,7.9035751656984905,21.0,1,7.449289021693744,13.550710978306256,20.5,21.5
2784.0,13.430330355481834,13.499056099227321,7.902417100240851,21.0,1,7.500943900772679,13.499056099227321,20.5,21.5
2785.0,13.432487717730087,13.450135641002325,7.901259166896312,21.0,1,7.5498643589976755,13.450135641002325,20.5,21.5
2786.0,13.434643974879808,13.491719206349638,7.9001013672325495,21.0,1,7.508280793650362,13.491719206349638,20.5,21.5
2787.0,13.436799127343926,13.51252095637336,7.8989437028170535,21.0,1,7.4874790436266405,13.51252095637336,20.5,21.5
2788.0,13.438953175535751,13.674612231060166,7.897786175217136,21.0,1,7.325387768939834,13.674612231060166,20.5,21.5
2789.0,13.441106119868978,13.813064433750338,7.896628785999922,21.0,1,7.186935566249662,13.813064433750338,20.5,21.5
2790.0,13.44325796075769,13.901432295403122,7.895471536732347,21.0,1,7.098567704596878,13.901432295403122,20.5,21.5
2791.0,13.445408698616347,13.989396054072586,7.8943144289811595,21.0,1,7.010603945927414,13.989396054072586,20.5,21.5
2792.0,13.447558333859803,13.955717475987672,7.893157464312915,21.0,1,7.044282524012328,13.955717475987672,20.5,21.5
2793.0,13.449706866903288,13.94691131312239,7.892000644293977,21.0,1,7.05308868687761,13.94691131312239,20.5,21.5
2794.0,13.451854298162418,13.784673843910406,7.890843970490512,21.0,1,7.215326156089594,13.784673843910406,20.5,21.5
2795.0,13.454000628053194,13.730380016360249,7.889687444468489,21.0,1,7.2696199836397515,13.730380016360249,20.5,21.5
2796.0,13.456145856991998,13.638975773821084,7.888531067793675,21.0,1,7.361024226178916,13.638975773821084,20.5,21.5
2797.0,13.458289985395599,13.667286308293722,7.887374842031637,21.0,1,7.332713691706278,13.667286308293722,20.5,21.5
2798.0,13.460433013681143,13.651989443847118,7.886218768747738,21.0,1,7.348010556152882,13.651989443847118,20.5,21.5
2799.0,13.462574942266166,13.699996020128953,7.8850628495071335,21.0,1,7.300003979871047,13.699996020128953,20.5,21.5
2800.0,13.46471577156858,13.694877872540179,7.88390708587477,21.0,1,7.305122127459821,13.694877872540179,20.5,21.5
2801.0,13.466855502006682,13.74227895069159,7.882751479415385,21.0,1,7.25772104930841,13.74227895069159,20.5,21.5
2802.0,13.468994133999152,13.707372766064248,7.881596031693499,21.0,1,7.292627233935752,13.707372766064248,20.5,21.5
2803.0,13.47113166796505,13.587005558117003,7.880440744273424,21.0,1,7.412994441882997,13.587005558117003,20.5,21.5
2804.0,13.47326810432382,13.656495637353492,7.879285618719251,21.0,1,7.343504362646508,13.656495637353492,20.5,21.5
2805.0,13.475403443495285,13.683463946446437,7.878130656594853,21.0,1,7.316536053553563,13.683463946446437,20.5,21.5
2806.0,13.477537685899652,13.69515959713938,7.8769758594638795,21.0,1,7.30484040286062,13.69515959713938,20.5,21.5
2807.0,13.479670831957506,13.778083938803311,7.87582122888976,21.0,1,7.221916061196689,13.778083938803311,20.5,21.5
2808.0,13.481802882089816,13.880597455662027,7.874666766435696,21.0,1,7.119402544337973,13.880597455662027,20.5,21.5
2809.0,13.48393383671793,13.892220545275041,7.873512473664663,21.0,1,7.107779454724959,13.892220545275041,20.5,21.5
2810.0,13.48606369626358,13.851143173096677,7.872358352139405,21.0,1,7.148856826903323,13.851143173096677,20.5,21.5
2811.0,13.488192461148872,13.79403589610973,7.871204403422438,21.0,1,7.20596410389027,13.79403589610973,20.5,21.5
2812.0,13.490320131796297,13.746231810641333,7.8700506290760375,21.0,1,7.2537681893586665,13.746231810641333,20.5,21.5
2813.0,13.492446708628723,13.770395665248506,7.868897030662249,21.0,1,7.229604334751494,13.770395665248506,20.5,21.5
2814.0,13.4945721920694,13.665635075832181,7.8677436097428775,21.0,1,7.334364924167819,13.665635075832181,20.5,21.5
2815.0,13.496696582541958,13.622150223784109,7.866590367879487,21.0,1,7.377849776215891,13.622150223784109,20.5,21.5
2816.0,13.498819880470403,13.589740879874341,7.865437306633401,21.0,1,7.410259120125659,13.589740879874341,20.5,21.5
2817.0,13.500942086279125,13.580298433979191,7.864284427565695,21.0,1,7.419701566020809,13.580298433979191,20.5,21.5
2818.0,13.503063200392887,13.506158541136765,7.863131732237203,21.0,1,7.493841458863235,13.506158541136765,20.5,21.5
2819.0,13.505183223236836,13.541817971749373,7.861979222208506,21.0,1,7.4581820282506275,13.541817971749373,20.5,21.5
2820.0,13.507302155236493,13.474317273680475,7.860826899039934,21.0,1,7.525682726319525,13.474317273680475,20.5,21.5
2821.0,13.50941999681776,13.57648220658499,7.859674764291569,21.0,1,7.4235177934150105,13.57648220658499,20.5,21.5
2822.0,13.511536748406918,13.553723686619833,7.858522819523231,21.0,1,7.446276313380167,13.553723686619833,20.5,21.5
2823.0,13.513652410430623,13.601411089323326,7.857371066294489,21.0,1,7.398588910676674,13.601411089323326,20.5,21.5
2824.0,13.515766983315912,13.624964580580585,7.856219506164647,21.0,1,7.375035419419415,13.624964580580585,20.5,21.5
2825.0,13.517880467490194,13.687487394973086,7.855068140692754,21.0,1,7.312512605026914,13.687487394973086,20.5,21.5
2826.0,13.519992863381262,13.710925945319124,7.853916971437588,21.0,1,7.289074054680876,13.710925945319124,20.5,21.5
2827.0,13.522104171417281,13.738865794652686,7.852765999957668,21.0,1,7.2611342053473145,13.738865794652686,20.5,21.5
2828.0,13.524214392026794,13.734399687548176,7.851615227811243,21.0,1,7.265600312451824,13.734399687548176,20.5,21.5
2829.0,13.526323525638722,13.747080551154573,7.850464656556291,21.0,1,7.252919448845427,13.747080551154573,20.5,21.5
2830.0,13.528431572682361,13.783788398128234,7.849314287750517,21.0,1,7.216211601871766,13.783788398128234,20.5,21.5
2831.0,13.530538533587384,13.703281912176047,7.8481641229513555,21.0,1,7.296718087823953,13.703281912176047,20.5,21.5
2832.0,13.532644408783838,13.704770219595707,7.847014163715961,21.0,1,7.295229780404293,13.704770219595707,20.5,21.5
2833.0,13.53474919870215,13.698129695673803,7.845864411601215,21.0,1,7.301870304326197,13.698129695673803,20.5,21.5
2834.0,13.536852903773116,13.754242927055888,7.844714868163712,21.0,1,7.245757072944112,13.754242927055888,20.5,21.5
2835.0,13.538955524427914,13.838586349755541,7.843565534959769,21.0,1,7.161413650244459,13.838586349755541,20.5,21.5
2836.0,13.54105706109809,13.865628766937666,7.842416413545416,21.0,1,7.134371233062334,13.865628766937666,20.5,21.5
2837.0,13.543157514215572,13.84546518803042,7.841267505476396,21.0,1,7.1545348119695795,13.84546518803042,20.5,21.5
2838.0,13.545256884212659,13.808550088850492,7.840118812308165,21.0,1,7.191449911149508,13.808550088850492,20.5,21.5
2839.0,13.547355171522025,13.860685767389498,7.838970335595887,21.0,1,7.139314232610502,13.860685767389498,20.5,21.5
2840.0,13.549452376576715,13.788531996206391,7.837822076894433,21.0,1,7.211468003793609,13.788531996206391,20.5,21.5
2841.0,13.551548499810155,13.79213342474247,7.836674037758378,21.0,1,7.20786657525753,13.79213342474247,20.5,21.5
2842.0,13.553643541656138,13.889547309077235,7.835526219742001,21.0,1,7.110452690922765,13.889547309077235,20.5,21.5
2843.0,13.555737502548833,13.98523891501062,7.834378624399282,21.0,1,7.014761084989379,13.98523891501062,20.5,21.5
2844.0,13.557830382922784,13.893234056629158,7.833231253283898,21.0,1,7.106765943370842,13.893234056629158,20.5,21.5
2845.0,13.559922183212905,13.89547932545716,7.832084107949223,21.0,1,7.10452067454284,13.89547932545716,20.5,21.5
2846.0,13.562012903854484,13.921657258658735,7.830937189948326,21.0,1,7.078342741341265,13.921657258658735,20.5,21.5
2847.0,13.564102545283182,13.871350259579458,7.829790500833967,21.0,1,7.128649740420542,13.871350259579458,20.5,21.5
2848.0,13.566191107935033,13.839354086587548,7.828644042158598,21.0,1,7.160645913412452,13.839354086587548,20.5,21.5
2849.0,13.568278592246442,13.844385282955912,7.8274978154743575,21.0,1,7.155614717044088,13.844385282955912,20.5,21.5
2850.0,13.570364998654185,13.844504066197512,7.82635182233307,21.0,1,7.155495933802488,13.844504066197512,20.5,21.5
2851.0,13.57245032759541,13.82185732532751,7.8252060642862435,21.0,1,7.17814267467249,13.82185732532751,20.5,21.5
2852.0,13.57453457950764,13.847820494775874,7.82406054288507,21.0,1,7.152179505224126,13.847820494775874,20.5,21.5
2853.0,13.576617754828765,13.802051479036113,7.822915259680417,21.0,1,7.197948520963887,13.802051479036113,20.5,21.5
2854.0,13.57869985399705,13.814394214418792,7.821770216222833,21.0,1,7.185605785581208,13.814394214418792,20.5,21.5
2855.0,13.580780877451124,13.857950350389586,7.820625414062543,21.0,1,7.1420496496104136,13.857950350389586,20.5,21.5
2856.0,13.582860825629995,13.844685910578434,7.8194808547494405,21.0,1,7.155314089421566,13.844685910578434,20.5,21.5
2857.0,13.584939698973034,13.845239707807792,7.818336539833093,21.0,1,7.154760292192208,13.845239707807792,20.5,21.5
2858.0,13.587017497919987,13.708742616496403,7.8171924708627385,21.0,1,7.291257383503597,13.708742616496403,20.5,21.5
2859.0,13.589094222910969,13.674362042914051,7.81604864938728,21.0,1,7.325637957085949,13.674362042914051,20.5,21.5
2860.0,13.59116987438646,13.549767662720527,7.814905076955285,21.0,1,7.450232337279473,13.549767662720527,20.5,21.5
2861.0,13.593244452787317,13.52142788555922,7.813761755114987,21.0,1,7.47857211444078,13.52142788555922,20.5,21.5
2862.0,13.59531795855476,13.476892902041499,7.812618685414276,21.0,1,7.523107097958501,13.476892902041499,20.5,21.5
2863.0,13.59739039213038,13.612833251888082,7.811475869400703,21.0,1,7.387166748111918,13.612833251888082,20.5,21.5
2864.0,13.599461753956136,13.509318081495891,7.810333308621475,21.0,1,7.490681918504109,13.509318081495891,20.5,21.5
2865.0,13.601532044474359,13.665774109826947,7.809191004623456,21.0,1,7.3342258901730535,13.665774109826947,20.5,21.5
2866.0,13.603601264127741,13.620119559911066,7.808048958953157,21.0,1,7.379880440088934,13.620119559911066,20.5,21.5
2867.0,13.60566941335935,13.567161033220964,7.806907173156744,21.0,1,7.432838966779036,13.567161033220964,20.5,21.5
2868.0,13.607736492612615,13.562077526312496,7.805765648780028,21.0,1,7.437922473687504,13.562077526312496,20.5,21.5
2869.0,13.609802502331338,13.737542287536325,7.804624387368469,21.0,1,7.262457712463675,13.737542287536325,20.5,21.5
2870.0,13.611867442959683,13.731189173286802,7.80348339046717,21.0,1,7.268810826713198,13.731189173286802,20.5,21.5
2871.0,13.613931314942185,13.667093273750368,7.802342659620874,21.0,1,7.332906726249632,13.667093273750368,20.5,21.5
2872.0,13.615994118723744,13.791878637847848,7.801202196373966,21.0,1,7.208121362152152,13.791878637847848,20.5,21.5
2873.0,13.618055854749628,13.833006333970328,7.800062002270467,21.0,1,7.166993666029672,13.833006333970328,20.5,21.5
2874.0,13.620116523465468,13.892778015132553,7.798922078854035,21.0,1,7.107221984867447,13.892778015132553,20.5,21.5
2875.0,13.622176125317264,13.943286117428116,7.797782427667962,21.0,1,7.056713882571884,13.943286117428116,20.5,21.5
2876.0,13.62423466075138,14.062210113177382,7.796643050255169,21.0,1,6.9377898868226175,14.062210113177382,20.5,21.5
2877.0,13.626292130214548,13.980204968025856,7.79550394815821,21.0,1,7.0197950319741445,13.980204968025856,20.5,21.5
2878.0,13.628348534153863,13.932429889180366,7.794365122919262,21.0,1,7.067570110819634,13.932429889180366,20.5,21.5
2879.0,13.630403873016785,13.889913085857122,7.79322657608013,21.0,1,7.110086914142878,13.889913085857122,20.5,21.5
2880.0,13.632458147251139,13.777562497476314,7.79208830918224,21.0,1,7.222437502523686,13.777562497476314,20.5,21.5
2881.0,13.634511357305117,13.851042100695395,7.790950323766643,21.0,1,7.148957899304605,13.851042100695395,20.5,21.5
2882.0,13.63656350362727,13.780317308512299,7.789812621374006,21.0,1,7.2196826914877015,13.780317308512299,20.5,21.5
2883.0,13.638614586666518,13.788271511199621,7.788675203544612,21.0,1,7.211728488800379,13.788271511199621,20.5,21.5
2884.0,13.640664606872145,13.698423872697173,7.787538071818359,21.0,1,7.301576127302827,13.698423872697173,20.5,21.5
2885.0,13.642713564693793,13.651426774414272,7.78640122773476,21.0,1,7.348573225585728,13.651426774414272,20.5,21.5
2886.0,13.644761460581472,13.610776982144333,7.785264672832937,21.0,1,7.389223017855667,13.610776982144333,20.5,21.5
2887.0,13.646808294985556,13.763699991111036,7.78412840865162,21.0,1,7.236300008888964,13.763699991111036,20.5,21.5
2888.0,13.648854068356778,13.781554966972674,7.782992436729147,21.0,1,7.218445033027326,13.781554966972674,20.5,21.5
2889.0,13.650898781146235,13.824693610278592,7.781856758603458,21.0,1,7.175306389721408,13.824693610278592,20.5,21.5
2890.0,13.652942433805388,13.930834875748427,7.780721375812097,21.0,1,7.0691651242515725,13.930834875748427,20.5,21.5
2891.0,13.654985026786056,13.85419925093522,7.779586289892208,21.0,1,7.1458007490647795,13.85419925093522,20.5,21.5
2892.0,13.657026560540425,13.803397203580724,7.778451502380532,21.0,1,7.196602796419276,13.803397203580724,20.5,21.5
2893.0,13.659067035521039,13.875179968978998,7.777317014813409,21.0,1,7.124820031021002,13.875179968978998,20.5,21.5
2894.0,13.661106452180803,13.921822044349089,7.776182828726769,21.0,1,7.0781779556509115,13.921822044349089,20.5,21.5
2895.0,13.663144810972986,13.857188149629877,7.775048945656135,21.0,1,7.142811850370123,13.857188149629877,20.5,21.5
2896.0,13.665182112351212,13.917346614725322,7.773915367136621,21.0,1,7.0826533852746785,13.917346614725322,20.5,21.5
2897.0,13.667218356769474,14.025186499257561,7.7727820947029285,21.0,1,6.974813500742439,14.025186499257561,20.5,21.5
2898.0,13.66925354468212,14.063938089518027,7.771649129889344,21.0,1,6.936061910481973,14.063938089518027,20.5,21.5
2899.0,13.671287676543855,14.00314405891981,7.770516474229738,21.0,1,6.99685594108019,14.00314405891981,20.5,21.5
2900.0,13.673320752809751,14.062966302786188,7.76938412925756,21.0,1,6.937033697213812,14.062966302786188,20.5,21.5
2901.0,13.675352773935234,14.123895286001803,7.768252096505843,21.0,1,6.876104713998197,14.123895286001803,20.5,21.5
2902.0,13.677383740376092,14.039584093030745,7.767120377507194,21.0,1,6.960415906969255,14.039584093030745,20.5,21.5
2903.0,13.679413652588469,14.0098711806871,7.765988973793798,21.0,1,6.9901288193129005,14.0098711806871,20.5,21.5
2904.0,13.681442511028871,14.014076161195828,7.76485788689741,21.0,1,6.9859238388041724,14.014076161195828,20.5,21.5
2905.0,13.68347031615416,13.932833690169463,7.763727118349359,21.0,1,7.067166309830537,13.932833690169463,20.5,21.5
2906.0,13.685497068421558,13.841590232794436,7.762596669680541,21.0,1,7.158409767205564,13.841590232794436,20.5,21.5
2907.0,13.687522768288645,13.80825007561123,7.761466542421419,21.0,1,7.19174992438877,13.80825007561123,20.5,21.5
2908.0,13.689547416213356,13.793686820213008,7.760336738102023,21.0,1,7.206313179786992,13.793686820213008,20.5,21.5
2909.0,13.691571012653986,13.82030829524255,7.759207258251943,21.0,1,7.179691704757451,13.82030829524255,20.5,21.5
2910.0,13.693593558069185,13.86612963044372,7.758078104400332,21.0,1,7.133870369556281,13.86612963044372,20.5,21.5
2911.0,13.695615052917962,13.922242518392826,7.756949278075901,21.0,1,7.077757481607174,13.922242518392826,20.5,21.5
2912.0,13.69763549765968,13.85807752881451,7.755820780806915,21.0,1,7.14192247118549,13.85807752881451,20.5,21.5
2913.0,13.699654892754063,13.95554697574635,7.754692614121198,21.0,1,7.0444530242536505,13.95554697574635,20.5,21.5
2914.0,13.701673238661186,13.947329293071439,7.753564779546122,21.0,1,7.052670706928561,13.947329293071439,20.5,21.5
2915.0,13.703690535841481,13.94448918620335,7.752437278608614,21.0,1,7.05551081379665,13.94448918620335,20.5,21.5
2916.0,13.705706784755737,13.992242726278658,7.751310112835146,21.0,1,7.007757273721342,13.992242726278658,20.5,21.5
2917.0,13.707721985865097,14.124301492993476,7.750183283751736,21.0,1,6.875698507006524,14.124301492993476,20.5,21.5
2918.0,13.70973613963106,13.991300459905943,7.749056792883947,21.0,1,7.008699540094057,13.991300459905943,20.5,21.5
2919.0,13.711749246515478,14.080169426883339,7.747930641756886,21.0,1,6.919830573116661,14.080169426883339,20.5,21.5
2920.0,13.713761306980558,14.15846615578727,7.746804831895198,21.0,1,6.84153384421273,14.15846615578727,20.5,21.5
2921.0,13.715772321488863,14.154322627338342,7.745679364823067,21.0,1,6.845677372661658,14.154322627338342,20.5,21.5
2922.0,13.717782290503308,14.03834227071179,7.7445542420642095,21.0,1,6.961657729288209,14.03834227071179,20.5,21.5
2923.0,13.719791214487161,14.026200271571287,7.743429465141881,21.0,1,6.9737997284287125,14.026200271571287,20.5,21.5
2924.0,13.721799093904046,13.917790581931161,7.742305035578866,21.0,1,7.082209418068839,13.917790581931161,20.5,21.5
2925.0,13.723805929217939,13.902125321382517,7.741180954897479,21.0,1,7.097874678617483,13.902125321382517,20.5,21.5
2926.0,13.725811720893166,13.849083809255356,7.740057224619562,21.0,1,7.150916190744644,13.849083809255356,20.5,21.5
2927.0,13.727816469394408,13.865843467990686,7.738933846266485,21.0,1,7.134156532009314,13.865843467990686,20.5,21.5
2928.0,13.729820175186699,13.85835431853074,7.737810821359135,21.0,1,7.14164568146926,13.85835431853074,20.5,21.5
2929.0,13.731822838735424,13.758736762371754,7.736688151417929,21.0,1,7.241263237628246,13.758736762371754,20.5,21.5
2930.0,13.733824460506318,13.680273278959543,7.735565837962798,21.0,1,7.319726721040457,13.680273278959543,20.5,21.5
2931.0,13.73582504096547,13.616305124990674,7.734443882513191,21.0,1,7.383694875009326,13.616305124990674,20.5,21.5
2932.0,13.737824580579318,13.617150916372168,7.733322286588074,21.0,1,7.382849083627832,13.617150916372168,20.5,21.5
2933.0,13.739823079814654,13.653222229827602,7.732201051705926,21.0,1,7.346777770172398,13.653222229827602,20.5,21.5
2934.0,13.741820539138617,13.831007641080848,7.731080179384734,21.0,1,7.1689923589191515,13.831007641080848,20.5,21.5
2935.0,13.7438169590187,13.967731118831901,7.729959671142,21.0,1,7.032268881168099,13.967731118831901,20.5,21.5
2936.0,13.745812339922741,14.113124285867183,7.728839528494726,21.0,1,6.886875714132817,14.113124285867183,20.5,21.5
2937.0,13.747806682318933,14.130463631344744,7.727719752959426,21.0,1,6.869536368655256,14.130463631344744,20.5,21.5
2938.0,13.749799986675812,14.035998052391708,7.726600346052112,21.0,1,6.964001947608292,14.035998052391708,20.5,21.5
2939.0,13.751792253462272,13.97304353441838,7.725481309288299,21.0,1,7.02695646558162,13.97304353441838,20.5,21.5
2940.0,13.753783483147547,13.941250640497149,7.724362644183001,21.0,1,7.058749359502851,13.941250640497149,20.5,21.5
2941.0,13.755773676201226,13.92622363034545,7.723244352250728,21.0,1,7.073776369654549,13.92622363034545,20.5,21.5
2942.0,13.757762833093242,13.98760551615332,7.722126435005485,21.0,1,7.0123944838466805,13.98760551615332,20.5,21.5
2943.0,13.75975095429388,14.12620204956751,7.7210088939607715,21.0,1,6.87379795043249,14.12620204956751,20.5,21.5
2944.0,13.76173804027377,14.226092044092258,7.719891730629573,21.0,1,6.773907955907742,14.226092044092258,20.5,21.5
2945.0,13.763724091503889,14.141593066284065,7.71877494652437,21.0,1,6.858406933715935,14.141593066284065,20.5,21.5
2946.0,13.765709108455562,14.005175018247261,7.717658543157124,21.0,1,6.994824981752739,14.005175018247261,20.5,21.5
2947.0,13.767693091600462,13.996932936498487,7.716542522039284,21.0,1,7.003067063501513,13.996932936498487,20.5,21.5
2948.0,13.769676041410609,13.915034388620157,7.715426884681781,21.0,1,7.084965611379843,13.915034388620157,20.5,21.5
2949.0,13.771657958358366,13.984232575547418,7.7143116325950265,21.0,1,7.015767424452582,13.984232575547418,20.5,21.5
2950.0,13.773638842916446,14.013444402932047,7.71319676728891,21.0,1,6.986555597067953,14.013444402932047,20.5,21.5
2951.0,13.775618695557904,14.108443966428748,7.7120822902727975,21.0,1,6.891556033571252,14.108443966428748,20.5,21.5
2952.0,13.777597516756142,14.104292944948062,7.710968203055528,21.0,1,6.895707055051938,14.104292944948062,20.5,21.5
2953.0,13.779575306984908,14.121368700666542,7.709854507145417,21.0,1,6.878631299333458,14.121368700666542,20.5,21.5
2954.0,13.781552066718294,14.052115683856906,7.708741204050245,21.0,1,6.947884316143094,14.052115683856906,20.5,21.5
2955.0,13.783527796430738,14.053460641857004,7.707628295277264,21.0,1,6.946539358142996,14.053460641857004,20.5,21.5
2956.0,13.78550249659702,14.097017691040099,7.70651578233319,21.0,1,6.902982308959901,14.097017691040099,20.5,21.5
2957.0,13.787476167692265,14.140979962427604,7.705403666724205,21.0,1,6.859020037572396,14.140979962427604,20.5,21.5
2958.0,13.789448810191942,14.180250905554413,7.7042919499559535,21.0,1,6.819749094445587,14.180250905554413,20.5,21.5
2959.0,13.791420424571864,14.052244499503024,7.703180633533536,21.0,1,6.947755500496976,14.052244499503024,20.5,21.5
2960.0,13.793391011308184,14.020356537401463,7.702069718961519,21.0,1,6.979643462598537,14.020356537401463,20.5,21.5
2961.0,13.795360570877403,13.967901881487915,7.700959207743914,21.0,1,7.032098118512085,13.967901881487915,20.5,21.5
2962.0,13.797329103756358,13.928159888238559,7.699849101384195,21.0,1,7.071840111761441,13.928159888238559,20.5,21.5
2963.0,13.799296610422234,13.968437712577707,7.698739401385284,21.0,1,7.031562287422293,13.968437712577707,20.5,21.5
2964.0,13.801263091352554,13.967722636083272,7.697630109249555,21.0,1,7.032277363916728,13.967722636083272,20.5,21.5
2965.0,13.803228547025187,13.989563851430045,7.69652122647883,21.0,1,7.010436148569955,13.989563851430045,20.5,21.5
2966.0,13.805192977918338,14.02615120777973,7.695412754574373,21.0,1,6.97384879222027,14.02615120777973,20.5,21.5
2967.0,13.807156384510558,13.970949583924812,7.6943046950368945,21.0,1,7.029050416075188,13.970949583924812,20.5,21.5
2968.0,13.809118767280733,13.882628175886321,7.693197049366548,21.0,1,7.117371824113679,13.882628175886321,20.5,21.5
2969.0,13.811080126708095,13.845307019262512,7.692089819062923,21.0,1,7.154692980737488,13.845307019262512,20.5,21.5
2970.0,13.813040463272213,13.831400253801235,7.6909830056250525,21.0,1,7.168599746198765,13.831400253801235,20.5,21.5
2971.0,13.814999777452996,13.831655685187997,7.689876610551399,21.0,1,7.168344314812003,13.831655685187997,20.5,21.5
2972.0,13.816958069730696,13.841378624768549,7.688770635339861,21.0,1,7.158621375231451,13.841378624768549,20.5,21.5
2973.0,13.818915340585898,13.91079550835118,7.687665081487768,21.0,1,7.08920449164882,13.91079550835118,20.5,21.5
2974.0,13.820871590499532,14.014099561147475,7.686559950491881,21.0,1,6.985900438852525,14.014099561147475,20.5,21.5
2975.0,13.822826819952864,13.926760495596591,7.685455243848386,21.0,1,7.073239504403409,13.926760495596591,20.5,21.5
2976.0,13.824781029427495,13.826331919662294,7.684350963052898,21.0,1,7.1736680803377055,13.826331919662294,20.5,21.5
2977.0,13.82673421940537,13.858605778945172,7.683247109600451,21.0,1,7.141394221054828,13.858605778945172,20.5,21.5
2978.0,13.82868639036877,13.766756079536492,7.682143684985502,21.0,1,7.233243920463508,13.766756079536492,20.5,21.5
2979.0,13.830637542800309,13.778333882488203,7.68104069070193,21.0,1,7.221666117511797,13.778333882488203,20.5,21.5
2980.0,13.832587677182943,13.90011743820168,7.679938128243029,21.0,1,7.099882561798321,13.90011743820168,20.5,21.5
2981.0,13.834536793999963,13.999761134106041,7.678835999101507,21.0,1,7.000238865893959,13.999761134106041,20.5,21.5
2982.0,13.836484893734996,14.073758453277392,7.67773430476949,21.0,1,6.926241546722608,14.073758453277392,20.5,21.5
2983.0,13.838431976872007,14.099068424825465,7.676633046738509,21.0,1,6.9009315751745355,14.099068424825465,20.5,21.5
2984.0,13.840378043895296,14.078630624497418,7.675532226499509,21.0,1,6.921369375502582,14.078630624497418,20.5,21.5
2985.0,13.842323095289498,14.110235582235898,7.674431845542843,21.0,1,6.889764417764102,14.110235582235898,20.5,21.5
2986.0,13.844267131539581,14.092955377604884,7.673331905358266,21.0,1,6.907044622395116,14.092955377604884,20.5,21.5
2987.0,13.846210153130855,13.990307321265794,7.6722324074349375,21.0,1,7.009692678734206,13.990307321265794,20.5,21.5
2988.0,13.848152160548956,14.053408242251578,7.671133353261417,21.0,1,6.946591757748422,14.053408242251578,20.5,21.5
2989.0,13.850093154279861,14.013954303556323,7.670034744325666,21.0,1,6.986045696443677,14.013954303556323,20.5,21.5
2990.0,13.852033134809876,14.026989430615908,7.668936582115042,21.0,1,6.973010569384092,14.026989430615908,20.5,21.5
2991.0,13.853972102625644,14.108790860017777,7.667838868116297,21.0,1,6.891209139982223,14.108790860017777,20.5,21.5
2992.0,13.85591005821414,14.142930131792852,7.666741603815576,21.0,1,6.857069868207148,14.142930131792852,20.5,21.5
2993.0,13.857847002062675,14.181777835018227,7.665644790698417,21.0,1,6.818222164981773,14.181777835018227,20.5,21.5
2994.0,13.859782934658886,14.2870481342174,7.664548430249745,21.0,1,6.7129518657826,14.2870481342174,20.5,21.5
2995.0,13.86171785649075,14.189262000305735,7.6634525239538736,21.0,1,6.810737999694265,14.189262000305735,20.5,21.5
2996.0,13.863651768046571,14.181148093455283,7.662357073294501,21.0,1,6.818851906544717,14.181148093455283,20.5,21.5
2997.0,13.865584669814988,14.156504022227892,7.661262079754708,21.0,1,6.843495977772108,14.156504022227892,20.5,21.5
2998.0,13.867516562284967,14.003241900260056,7.660167544816959,21.0,1,6.996758099739944,14.003241900260056,20.5,21.5
2999.0,13.869447445945811,13.990521179339964,7.659073469963094,21.0,1,7.009478820660036,13.990521179339964,20.5,21.5
